recept,kategorija,mesto
100401040226926,10,0
100401040226926,11,1
100401040226926,50,2
100401040226926,126,3
100411040228201,10,0
100411040228201,11,1
100411040228201,50,2
100411040228201,126,3
1017621206972972,10,0
1017621206972972,11,1
1017621206972972,45,2
1017621206972972,49,3
1017621206972972,50,4
103501042187802,10,0
103501042187802,11,1
103501042187802,12,2
103501042187802,45,3
103501042187802,50,4
1050161209976398,10,0
1050161209976398,11,1
1050161209976398,27,2
1050161209976398,45,3
1050161209976398,126,4
1050181209976653,10,0
1050181209976653,11,1
1050181209976653,50,2
1050391209981859,10,0
1050391209981859,11,1
1050391209981859,27,2
1050391209981859,32,3
1050391209981859,45,4
1050391209981859,50,5
107921045325931,10,0
107921045325931,11,1
107921045325931,12,2
107921045325931,45,3
107921045325931,50,4
107921045325931,95,5
1086411214551428,10,0
1086411214551428,11,1
1086411214551428,39,2
1086411214551428,45,3
1086411214551428,49,4
1086411214551428,50,5
1096671215675259,10,0
1096671215675259,11,1
1096671215675259,27,2
1096671215675259,45,3
1096671215675259,50,4
1100831216044055,10,0
1100831216044055,11,1
1100831216044055,45,2
1100831216044055,49,3
1100831216044055,50,4
1100831216044055,106,5
1101491216114668,10,0
1101491216114668,11,1
1101491216114668,45,2
1101491216114668,49,3
1101491216114668,50,4
1104051216389258,10,0
1104051216389258,11,1
1104051216389258,45,2
1104051216389258,49,3
1104051216389258,50,4
1109071216987562,10,0
1109071216987562,11,1
1109071216987562,49,2
1109071216987562,50,3
1120911218370304,10,0
1120911218370304,11,1
1120911218370304,45,2
1120911218370304,49,3
1120911218370304,50,4
1123731218698286,10,0
1123731218698286,11,1
1123731218698286,49,2
1123731218698286,50,3
112661047281382,10,0
112661047281382,11,1
112661047281382,12,2
112661047281382,50,3
1132481219597480,10,0
1132481219597480,11,1
1132481219597480,45,2
1132481219597480,50,3
1143291220692353,10,0
1143291220692353,11,1
1143291220692353,50,2
1145511220884608,10,0
1145511220884608,11,1
1145511220884608,45,2
1145511220884608,49,3
1145511220884608,50,4
1146441220967574,10,0
1146441220967574,11,1
1146441220967574,28,2
1146441220967574,29,3
1146441220967574,45,4
1146441220967574,49,5
1146441220967574,50,6
1146531220968934,10,0
1146531220968934,11,1
1149511221225926,10,0
1149511221225926,11,1
1149511221225926,12,2
1149511221225926,50,3
1153461221570291,10,0
1153461221570291,11,1
1153461221570291,45,2
1153461221570291,49,3
1153461221570291,50,4
1172381223368814,10,0
1172381223368814,11,1
1172381223368814,50,2
117351049708977,10,0
117351049708977,11,1
117351049708977,50,2
1173741223532710,10,0
1173741223532710,11,1
1173741223532710,49,2
1173741223532710,50,3
1173931223539536,10,0
1173931223539536,11,1
1173931223539536,50,2
1177611223913558,10,0
1177611223913558,11,1
1177611223913558,45,2
1177611223913558,50,3
1185291224508282,10,0
1185291224508282,11,1
1185291224508282,27,2
1185291224508282,45,3
1185291224508282,50,4
1185291224508282,78,5
1185291224508282,106,6
1189211224782126,10,0
1189211224782126,11,1
1189211224782126,27,2
1189211224782126,39,3
1189211224782126,45,4
1189211224782126,50,5
1189211224782126,87,6
1189211224782126,91,7
1189211224782126,121,8
1189211224782126,126,9
1189331224788602,10,0
1189331224788602,11,1
1189331224788602,45,2
1189331224788602,50,3
1191261224953261,10,0
1191261224953261,11,1
1191261224953261,45,2
1191261224953261,50,3
1192491225039446,10,0
1192491225039446,11,1
1192491225039446,32,2
1192491225039446,50,3
1192491225039446,57,4
1192491225039446,126,5
119271050681203,10,0
119271050681203,11,1
119271050681203,50,2
119271050681203,126,3
1197061225473940,10,0
1197061225473940,11,1
1197061225473940,27,2
1197061225473940,45,3
1197061225473940,50,4
1198451225727070,10,0
1198451225727070,11,1
1198451225727070,45,2
1198451225727070,50,3
1198891225792990,10,0
1198891225792990,11,1
1198891225792990,45,2
1198891225792990,50,3
1198901225793056,10,0
1198901225793056,11,1
1198901225793056,45,2
1198901225793056,50,3
1202631226047459,10,0
1202631226047459,11,1
1202631226047459,45,2
1202631226047459,49,3
1202631226047459,50,4
1202631226047459,126,5
1203981226169819,10,0
1203981226169819,11,1
1203981226169819,27,2
1203981226169819,45,3
1203981226169819,50,4
1203981226169819,74,5
1207341226478194,10,0
1207341226478194,11,1
1207341226478194,45,2
1207341226478194,49,3
1207341226478194,50,4
1208031226566377,10,0
1208031226566377,11,1
1208031226566377,19,2
1208031226566377,20,3
1208031226566377,106,4
1208031226566377,1136,5
1213191227073212,10,0
1213191227073212,11,1
1213191227073212,45,2
1213191227073212,49,3
1213191227073212,50,4
121981051795911,10,0
121981051795911,11,1
121981051795911,50,2
122061051798637,10,0
122061051798637,11,1
122061051798637,142,2
122181051865033,10,0
122181051865033,11,1
122181051865033,50,2
1225701227800141,10,0
1225701227800141,11,1
1225701227800141,32,2
1225701227800141,50,3
1225701227800141,57,4
1226261227853817,10,0
1226261227853817,11,1
1226261227853817,49,2
1226261227853817,50,3
1227461227890116,10,0
1227461227890116,11,1
1227461227890116,50,2
122841052818254,10,0
122841052818254,11,1
122841052818254,45,2
122841052818254,50,3
1234831228393914,10,0
1234831228393914,11,1
1234831228393914,50,2
1255411230981373,10,0
1255411230981373,11,1
1255411230981373,50,2
1264871231762964,10,0
1264871231762964,11,1
1264871231762964,32,2
1264871231762964,45,3
1264871231762964,49,4
1264871231762964,50,5
1264871231762964,57,6
1264871231762964,106,7
1267541232009403,10,0
1267541232009403,11,1
1267541232009403,45,2
1267541232009403,49,3
1267541232009403,50,4
127561054646745,10,0
127561054646745,11,1
127561054646745,50,2
127601054711503,10,0
127601054711503,11,1
127601054711503,50,2
1280561233408388,10,0
1280561233408388,11,1
1280561233408388,12,2
1280561233408388,27,3
1280561233408388,45,4
1281441233557417,10,0
1281441233557417,11,1
1281441233557417,50,2
1282421233649360,10,0
1282421233649360,11,1
1282421233649360,39,2
1282421233649360,45,3
1282421233649360,50,4
128831055245194,10,0
128831055245194,11,1
128831055245194,50,2
1289681234339942,10,0
1289681234339942,11,1
1289681234339942,50,2
1295871234778153,10,0
1295871234778153,11,1
1295871234778153,45,2
1295871234778153,50,3
1303990777986,10,0
1303990777986,11,1
1303990777986,45,2
1317061236351860,10,0
1317061236351860,11,1
1317061236351860,45,2
1317061236351860,50,3
1317061236351860,146,4
1326861237499539,10,0
1326861237499539,11,1
1326861237499539,50,2
133121057231599,10,0
133121057231599,11,1
133121057231599,12,2
133121057231599,50,3
133131057232989,10,0
133131057232989,11,1
133131057232989,12,2
133131057232989,50,3
133151057234198,10,0
133151057234198,11,1
133151057234198,50,2
133161057235686,10,0
133161057235686,11,1
133161057235686,50,2
1332951238177424,10,0
1332951238177424,11,1
1332951238177424,50,2
1332951238177424,156,3
1333281238234683,10,0
1333281238234683,11,1
1333281238234683,29,2
1333281238234683,50,3
1333281238234683,60,4
1335831238439179,10,0
1335831238439179,11,1
1335831238439179,45,2
1335831238439179,49,3
1335831238439179,50,4
1335831238439179,126,5
1335881238439562,10,0
1335881238439562,11,1
1335881238439562,27,2
1335881238439562,49,3
1335881238439562,50,4
1335881238439562,126,5
1336771238524719,10,0
1336771238524719,11,1
1336771238524719,45,2
1336771238524719,50,3
1336811238524973,10,0
1336811238524973,11,1
1336811238524973,45,2
1336811238524973,50,3
134601057929084,10,0
134601057929084,11,1
134601057929084,50,2
1347041239457093,10,0
1347041239457093,11,1
1347041239457093,27,2
1347041239457093,32,3
1347041239457093,45,4
1347041239457093,49,5
1347041239457093,50,6
1347041239457093,57,7
1347041239457093,78,8
1348571239630644,10,0
1348571239630644,11,1
1348571239630644,50,2
1353471240071366,10,0
1353471240071366,11,1
1353471240071366,45,2
1353471240071366,50,3
1353481240071519,10,0
1353481240071519,11,1
1353481240071519,45,2
1353481240071519,50,3
1353531240076192,10,0
1353531240076192,11,1
1353531240076192,45,2
1353531240076192,50,3
1361001240908303,10,0
1361001240908303,11,1
1361001240908303,50,2
1361071240908943,10,0
1361071240908943,11,1
1361071240908943,50,2
1361071240908943,90,3
1361071240908943,127,4
136211058868859,10,0
136211058868859,11,1
136211058868859,50,2
136211058868859,126,3
1363951241200967,10,0
1363951241200967,11,1
1363951241200967,50,2
1368771241766367,10,0
1368771241766367,11,1
1368771241766367,27,2
1368771241766367,50,3
1368771241766367,78,4
1375741242642111,10,0
1375741242642111,11,1
1375741242642111,50,2
1375821242643023,10,0
1375821242643023,11,1
1375821242643023,27,2
1375821242643023,45,3
1375821242643023,1136,4
1377781242983076,10,0
1377781242983076,11,1
1377781242983076,50,2
1377791242983165,10,0
1377791242983165,11,1
1377791242983165,50,2
1378391243070321,10,0
1378391243070321,11,1
1378391243070321,45,2
1378391243070321,50,3
1378511243074455,10,0
1378511243074455,11,1
1378511243074455,45,2
1378511243074455,50,3
1378601243077650,10,0
1378601243077650,11,1
1378601243077650,45,2
1378601243077650,50,3
1378621243078979,10,0
1378621243078979,11,1
1378621243078979,45,2
1378621243078979,50,3
1378681243080761,10,0
1378681243080761,11,1
1378681243080761,45,2
1378681243080761,50,3
1378761243083130,10,0
1378761243083130,11,1
1378761243083130,45,2
1378761243083130,50,3
1379931243255132,10,0
1379931243255132,11,1
1379931243255132,45,2
1379931243255132,50,3
1379931243255132,156,4
1381511243373674,10,0
1381511243373674,11,1
1381511243373674,50,2
1384821243579019,10,0
1384821243579019,11,1
1384821243579019,50,2
1384851243579406,10,0
1384851243579406,11,1
1384851243579406,50,2
1384861243579768,10,0
1384861243579768,11,1
1384861243579768,50,2
1385701243669930,10,0
1385701243669930,11,1
1385701243669930,45,2
1385701243669930,50,3
1385701243669930,156,4
1386921243783262,10,0
1386921243783262,11,1
1386921243783262,45,2
1386921243783262,48,3
1386921243783262,49,4
1386921243783262,50,5
1388521243872375,10,0
1388521243872375,11,1
1388521243872375,27,2
1388521243872375,45,3
1388521243872375,50,4
138991060064850,10,0
138991060064850,11,1
138991060064850,50,2
1390251244094738,10,0
1390251244094738,11,1
1390251244094738,50,2
1393681244365008,10,0
1393681244365008,11,1
1393681244365008,50,2
1394051244379756,10,0
1394051244379756,11,1
1394371244387735,10,0
1394371244387735,11,1
1401971245149725,10,0
1401971245149725,11,1
1407771245592360,10,0
1407771245592360,11,1
1407771245592360,32,2
1407771245592360,50,3
1407771245592360,126,4
1410851245930152,10,0
1410851245930152,11,1
1410851245930152,50,2
1416491246517354,10,0
1416491246517354,11,1
1416491246517354,50,2
1416951246538200,10,0
1416951246538200,11,1
1416951246538200,12,2
1416951246538200,50,3
1416951246538200,126,4
1420231246874001,10,0
1420231246874001,11,1
1420231246874001,50,2
1421251246981774,10,0
1421251246981774,11,1
1421251246981774,12,2
1421251246981774,27,3
1421251246981774,32,4
1421251246981774,45,5
1421251246981774,50,6
1421251246981774,57,7
1421901246985762,10,0
1421901246985762,11,1
1421901246985762,50,2
1425941247489259,10,0
1425941247489259,11,1
1426031247494254,10,0
1426031247494254,11,1
1426031247494254,27,2
1426031247494254,45,3
1426031247494254,50,4
1437811248620032,10,0
1437811248620032,11,1
1437811248620032,27,2
1437811248620032,28,3
1437811248620032,29,4
1437811248620032,50,5
144531062662111,10,0
144531062662111,11,1
144531062662111,50,2
1446411249562337,10,0
1446411249562337,11,1
1446411249562337,27,2
1446411249562337,45,3
1446411249562337,50,4
1454431250419503,10,0
1454431250419503,11,1
1454431250419503,50,2
1458041250750998,10,0
1458041250750998,11,1
1458041250750998,50,2
1459851250923551,10,0
1459851250923551,11,1
1459851250923551,29,2
1459851250923551,43,3
1459851250923551,50,4
1462741251196454,10,0
1462741251196454,11,1
1462741251196454,45,2
1462741251196454,50,3
1465231251454753,10,0
1465231251454753,11,1
1465231251454753,12,2
1465231251454753,50,3
1465241251454793,10,0
1465241251454793,11,1
1465241251454793,50,2
1465241251454793,156,3
1465851251466446,10,0
1465851251466446,11,1
1465851251466446,50,2
1472591252220647,10,0
1472591252220647,11,1
1472591252220647,50,2
1476001252753339,10,0
1476001252753339,11,1
1476001252753339,50,2
1489641254082123,10,0
1489641254082123,11,1
1489641254082123,45,2
1489641254082123,50,3
1493061254329802,10,0
1493061254329802,11,1
1493061254329802,45,2
1493061254329802,1136,3
1493191254334811,10,0
1493191254334811,11,1
1493191254334811,1136,2
149411065793114,10,0
149411065793114,11,1
149411065793114,39,2
149411065793114,45,3
149411065793114,50,4
1495061254731428,10,0
1495061254731428,11,1
1495061254731428,27,2
1495061254731428,50,3
1495061254731428,78,4
1495061254731428,1136,5
1496101254909374,10,0
1496101254909374,11,1
1496101254909374,50,2
1496301254925155,10,0
1496301254925155,11,1
1496301254925155,50,2
1496301254925155,87,3
1496301254925155,126,4
1496311254925223,10,0
1496311254925223,11,1
1496311254925223,50,2
1496311254925223,87,3
1499031255437038,10,0
1499031255437038,11,1
1500591255614176,10,0
1500591255614176,11,1
1500621255614645,10,0
1500621255614645,11,1
1500631255614672,10,0
1500631255614672,11,1
1500641255614822,10,0
1500641255614822,11,1
1500781255680550,10,0
1500781255680550,11,1
1501191255703281,10,0
1501191255703281,11,1
1501911255771956,10,0
1501911255771956,11,1
1502331255778124,10,0
1502331255778124,11,1
1502331255778124,27,2
1502331255778124,45,3
1502331255778124,50,4
1502631255788639,10,0
1502631255788639,11,1
1503891255868437,10,0
1503891255868437,11,1
1503891255868437,12,2
150871066393926,10,0
150871066393926,11,1
150871066393926,12,2
150871066393926,50,3
1509141256251805,10,0
1509141256251805,11,1
1509141256251805,27,2
1509141256251805,45,3
1509141256251805,50,4
1512131256567832,10,0
1512131256567832,11,1
1512131256567832,27,2
1512131256567832,45,3
1512131256567832,50,4
1512451256593087,10,0
1512451256593087,11,1
1512451256593087,45,2
1512451256593087,50,3
1512571256594459,10,0
1512571256594459,11,1
1512571256594459,45,2
1512571256594459,50,3
1518741257109569,10,0
1518741257109569,11,1
1518741257109569,12,2
1518741257109569,27,3
1518741257109569,45,4
1518741257109569,50,5
1518741257109569,78,6
1521331257337446,10,0
1521331257337446,11,1
1521331257337446,45,2
1521331257337446,50,3
1523661257545452,10,0
1523661257545452,11,1
1523661257545452,45,2
1523661257545452,50,3
1523661257545452,126,4
1524561257695046,10,0
1524561257695046,11,1
1524561257695046,32,2
1524561257695046,57,3
1524561257695046,99,4
1524561257695046,109,5
1524561257695046,150,6
1532531258970617,10,0
1532531258970617,11,1
1532531258970617,50,2
1535741259310921,10,0
1535741259310921,11,1
1535741259310921,29,2
1535741259310921,43,3
1535741259310921,50,4
1540051260256972,10,0
1540051260256972,11,1
1540051260256972,50,2
1542251260460919,10,0
1542251260460919,11,1
1542251260460919,38,2
1542251260460919,45,3
1542251260460919,50,4
1555341262814762,10,0
1555341262814762,11,1
1555341262814762,45,2
1555341262814762,50,3
1555341262814762,126,4
1561701263639077,10,0
1561701263639077,11,1
1561701263639077,50,2
1572271264762977,10,0
1572271264762977,11,1
1572271264762977,27,2
1572271264762977,45,3
1572271264762977,50,4
1572271264762977,78,5
1573701264881763,10,0
1573701264881763,11,1
1573701264881763,27,2
1573701264881763,28,3
1573701264881763,29,4
1573701264881763,50,5
1577511265274378,10,0
1577511265274378,11,1
1577511265274378,50,2
1578011265290239,10,0
1578011265290239,11,1
1578011265290239,45,2
1578011265290239,50,3
1581801265651669,10,0
1581801265651669,11,1
1581801265651669,27,2
1581801265651669,45,3
1581801265651669,50,4
1581801265651669,78,5
1586191266056127,10,0
1586191266056127,11,1
1586191266056127,50,2
159071069587519,10,0
159071069587519,11,1
159071069587519,50,2
1606531267829267,10,0
1606531267829267,11,1
1606531267829267,45,2
1606531267829267,50,3
1610461268319294,10,0
1610461268319294,11,1
1610461268319294,45,2
1610461268319294,50,3
1614841268740642,10,0
1614841268740642,11,1
1614841268740642,12,2
1614841268740642,50,3
1615991268824497,10,0
1615991268824497,11,1
1615991268824497,50,2
1618101269085338,10,0
1618101269085338,11,1
1618101269085338,27,2
1618101269085338,50,3
1618101269085338,95,4
1618431269087898,10,0
1618431269087898,11,1
1618431269087898,27,2
1618431269087898,45,3
1618431269087898,50,4
1618431269087898,55,5
1618431269087898,56,6
1618431269087898,78,7
1618431269087898,126,8
1634261271066950,10,0
1634261271066950,11,1
1634261271066950,50,2
1634261271066950,126,3
1635811271163440,10,0
1635811271163440,11,1
1635811271163440,50,2
1637931271327672,10,0
1637931271327672,11,1
1637931271327672,50,2
1642121271803126,10,0
1642121271803126,11,1
1642121271803126,27,2
1642121271803126,45,3
1642121271803126,50,4
1645031272177501,10,0
1645031272177501,11,1
1645031272177501,50,2
1646291272279177,10,0
1646291272279177,11,1
1646291272279177,45,2
1646291272279177,50,3
1646291272279177,95,4
1646291272279177,126,5
1646741272290897,10,0
1646741272290897,11,1
1646741272290897,45,2
1646741272290897,50,3
1646741272290897,109,4
1648981272529903,10,0
1648981272529903,11,1
1648981272529903,19,2
1648981272529903,20,3
1648981272529903,50,4
1648981272529903,90,5
1650581272802040,10,0
1650581272802040,11,1
1650581272802040,50,2
1650591272802114,10,0
1650591272802114,11,1
1650591272802114,50,2
1651191272953668,10,0
1651191272953668,11,1
1651191272953668,50,2
1664641274592644,10,0
1664641274592644,11,1
1664641274592644,50,2
1669521274975105,10,0
1669521274975105,11,1
1669521274975105,45,2
1669521274975105,50,3
167561072798120,10,0
167561072798120,11,1
167561072798120,50,2
167621072864374,10,0
167621072864374,11,1
167621072864374,50,2
167631072864460,10,0
167631072864460,11,1
167631072864460,50,2
167711072866271,10,0
167711072866271,11,1
167711072866271,50,2
1677451275813787,10,0
1677451275813787,11,1
1677451275813787,45,2
1677451275813787,50,3
1677471275814172,10,0
1677471275814172,11,1
1677471275814172,27,2
1677471275814172,45,3
1677471275814172,50,4
1677471275814172,78,5
1678061275894620,10,0
1678061275894620,11,1
1678061275894620,27,2
1678061275894620,29,3
1678061275894620,43,4
1678061275894620,50,5
1678061275894620,78,6
1682031276340248,10,0
1682031276340248,11,1
1682031276340248,12,2
1682031276340248,27,3
1682031276340248,45,4
1682031276340248,50,5
1682031276340248,78,6
1693191277642956,10,0
1693191277642956,11,1
1693191277642956,50,2
1693681277713979,10,0
1693681277713979,11,1
1693681277713979,27,2
1693681277713979,50,3
1693681277713979,78,4
1693681277713979,113,5
170011073746923,10,0
170011073746923,11,1
170011073746923,12,2
170011073746923,45,3
170011073746923,50,4
1702861279013729,10,0
1702861279013729,11,1
1702861279013729,49,2
1702861279013729,50,3
170651073982791,10,0
170651073982791,11,1
170651073982791,45,2
170651073982791,50,3
170671073983193,10,0
170671073983193,11,1
170671073983193,45,2
170671073983193,50,3
1709571279803920,10,0
1709571279803920,11,1
1709571279803920,50,2
1710121279864807,10,0
1710121279864807,11,1
1710121279864807,12,2
1710121279864807,32,3
1710121279864807,50,4
1710121279864807,57,5
1710211279867135,10,0
1710211279867135,11,1
1710211279867135,12,2
1710211279867135,50,3
1710311279871959,10,0
1710311279871959,11,1
1710311279871959,12,2
1710311279871959,50,3
1710721279892291,10,0
1710721279892291,11,1
1710721279892291,95,2
171271074253979,10,0
171271074253979,11,1
171271074253979,50,2
171271074253979,126,3
171281074254079,10,0
171281074254079,11,1
171281074254079,50,2
171281074254079,126,3
171291074254229,10,0
171291074254229,11,1
171291074254229,32,2
171291074254229,50,3
171291074254229,126,4
171301074254353,10,0
171301074254353,11,1
171301074254353,50,2
171301074254353,126,3
1713141280134387,10,0
1713141280134387,11,1
1713141280134387,12,2
1713141280134387,50,3
1716281280389400,10,0
1716281280389400,11,1
1716281280389400,12,2
1716281280389400,50,3
1717711280470869,10,0
1717711280470869,11,1
1717711280470869,12,2
1717711280470869,50,3
1731791282230392,10,0
1731791282230392,11,1
1731791282230392,50,2
1735441282561856,10,0
1735441282561856,11,1
1735441282561856,12,2
1735441282561856,50,3
1740131283010656,10,0
1740131283010656,11,1
1740131283010656,27,2
1740131283010656,45,3
1740131283010656,50,4
1746051283847810,10,0
1746051283847810,11,1
1746051283847810,50,2
1746051283847810,91,3
1746051283847810,126,4
1746831283933532,10,0
1746831283933532,11,1
1746831283933532,12,2
1746831283933532,50,3
1747941284100700,10,0
1747941284100700,11,1
1747941284100700,50,2
1747941284100700,55,3
1747941284100700,64,4
1747941284100700,99,5
1747941284100700,126,6
1748421284128441,10,0
1748421284128441,11,1
1748421284128441,50,2
1748421284128441,126,3
1751671284638036,10,0
1751671284638036,11,1
1751671284638036,12,2
1751671284638036,50,3
1752851284803473,10,0
1752851284803473,11,1
1752851284803473,50,2
1752851284803473,113,3
1756151285315942,10,0
1756151285315942,11,1
1756151285315942,50,2
1756511285337560,10,0
1756511285337560,11,1
1756511285337560,12,2
1756511285337560,50,3
1757061285425656,10,0
1757061285425656,11,1
1757061285425656,12,2
1757061285425656,50,3
1757471285491321,10,0
1757471285491321,11,1
1757471285491321,50,2
1761611285854370,10,0
1761611285854370,11,1
1761611285854370,50,2
1762451286029397,10,0
1762451286029397,11,1
1762451286029397,50,2
1765591286440554,10,0
1765591286440554,11,1
1765591286440554,27,2
1765591286440554,50,3
1765861286457262,10,0
1765861286457262,11,1
1765861286457262,45,2
1765861286457262,50,3
1767341286610034,10,0
1767341286610034,11,1
1767341286610034,50,2
1769431286886607,10,0
1769431286886607,11,1
1769431286886607,27,2
1769431286886607,45,3
1769431286886607,50,4
1769431286886607,78,5
1770621287046283,10,0
1770621287046283,11,1
1770621287046283,29,2
1770621287046283,50,3
1770621287046283,86,4
1770621287046283,125,5
1775461287559176,10,0
1775461287559176,11,1
1775461287559176,27,2
1775461287559176,50,3
1775461287559176,78,4
1777361287659425,10,0
1777361287659425,11,1
1777361287659425,45,2
1777361287659425,50,3
1778721287749086,10,0
1778721287749086,11,1
1778721287749086,50,2
1781601288018648,10,0
1781601288018648,11,1
1781601288018648,27,2
1781601288018648,50,3
1784981288541614,10,0
1784981288541614,11,1
1784981288541614,50,2
1784981288541614,64,3
178561077628787,10,0
178561077628787,11,1
178561077628787,50,2
1788751289138933,10,0
1788751289138933,11,1
1788751289138933,27,2
1788751289138933,32,3
1788751289138933,45,4
1788751289138933,50,5
1788751289138933,57,6
1788751289138933,126,7
1792361289732564,10,0
1792361289732564,11,1
1792361289732564,45,2
1792361289732564,50,3
1792361289732564,64,4
1792361289732564,99,5
179981078056899,10,0
179981078056899,11,1
179981078056899,50,2
1801231291109861,10,0
1801231291109861,11,1
1801231291109861,50,2
1814261294009812,10,0
1814261294009812,11,1
1814261294009812,45,2
1814261294009812,50,3
1823751295946108,10,0
1823751295946108,11,1
1823751295946108,45,2
1823751295946108,50,3
1823791295946507,10,0
1823791295946507,11,1
1823791295946507,45,2
1823791295946507,50,3
1823921295947827,10,0
1823921295947827,11,1
1823921295947827,27,2
1823921295947827,45,3
1823921295947827,50,4
1823921295947827,78,5
1823921295947827,126,6
1823931295947874,10,0
1823931295947874,11,1
1823931295947874,45,2
1823931295947874,50,3
1823951295948343,10,0
1823951295948343,11,1
1823951295948343,27,2
1823951295948343,45,3
1823951295948343,50,4
1823951295948343,78,5
1823951295948343,126,6
1844801298826598,10,0
1844801298826598,11,1
1844801298826598,50,2
1844801298826598,64,3
1844801298826598,102,4
1844801298826598,109,5
1851051299930001,10,0
1851051299930001,11,1
1851051299930001,29,2
1851051299930001,45,3
1851051299930001,50,4
1851051299930001,65,5
1856111300810631,10,0
1856111300810631,11,1
1856111300810631,27,2
1856111300810631,45,3
1856111300810631,50,4
1856871300955253,10,0
1856871300955253,11,1
1856871300955253,27,2
1856871300955253,45,3
1856871300955253,49,4
1856871300955253,50,5
1856871300955253,78,6
1856871300955253,109,7
1871011303983322,10,0
1871011303983322,11,1
1871011303983322,50,2
1871011303983322,126,3
18741004799550,10,0
18741004799550,11,1
18741004799550,45,2
18741004799550,50,3
1876811305175939,10,0
1876811305175939,11,1
1876811305175939,26,2
1876811305175939,38,3
1876811305175939,45,4
1876811305175939,49,5
1876811305175939,50,6
1876811305175939,74,7
18781004799917,10,0
18781004799917,11,1
18781004799917,50,2
1879521305712712,10,0
1879521305712712,11,1
1879521305712712,45,2
1879521305712712,50,3
1879521305712712,126,4
1880321305813157,10,0
1880321305813157,11,1
1880321305813157,12,2
1880321305813157,27,3
1880321305813157,45,4
1880321305813157,78,5
1882111306223091,10,0
1882111306223091,11,1
1882111306223091,27,2
1882111306223091,45,3
1882111306223091,50,4
1883131306335032,10,0
1883131306335032,11,1
1883131306335032,27,2
1883131306335032,45,3
1883131306335032,49,4
1883131306335032,50,5
1883131306335032,78,6
1883131306335032,211,7
1888591307436565,10,0
1888591307436565,11,1
1888591307436565,45,2
1888591307436565,50,3
1888851307462972,10,0
1888851307462972,11,1
1888851307462972,27,2
1888851307462972,45,3
1888851307462972,49,4
1888851307462972,50,5
1888851307462972,78,6
1894341308548009,10,0
1894341308548009,11,1
1894341308548009,27,2
1894341308548009,50,3
1894341308548009,78,4
1894341308548009,126,5
1899741309506195,10,0
1899741309506195,11,1
1899741309506195,45,2
1899741309506195,50,3
1899741309506195,113,4
1899941309510326,10,0
1899941309510326,11,1
1899941309510326,45,2
1899941309510326,50,3
1906931310902613,10,0
1906931310902613,11,1
1906931310902613,27,2
1906931310902613,45,3
1906931310902613,50,4
1906931310902613,90,5
1906931310902613,127,6
191591081437496,10,0
191591081437496,11,1
191591081437496,32,2
191591081437496,50,3
1922631313561745,10,0
1922631313561745,11,1
1922631313561745,45,2
1922631313561745,49,3
1922631313561745,50,4
1922631313561745,126,5
192351081668524,10,0
192351081668524,11,1
192351081668524,50,2
192381081669706,10,0
192381081669706,11,1
192381081669706,50,2
1926401314022268,10,0
1926401314022268,11,1
1926401314022268,12,2
1926401314022268,27,3
1926401314022268,45,4
1926401314022268,49,5
1926401314022268,50,6
1926401314022268,126,7
193381081956608,10,0
193381081956608,11,1
193381081956608,50,2
1940521315990370,10,0
1940521315990370,11,1
1940521315990370,27,2
1940521315990370,45,3
1940521315990370,50,4
1940521315990370,78,5
1943291316434747,10,0
1943291316434747,11,1
1943291316434747,27,2
1943291316434747,45,3
1943291316434747,109,4
1947441316894107,10,0
1947441316894107,11,1
1947441316894107,29,2
1947441316894107,45,3
1947441316894107,50,4
1947441316894107,65,5
1954661318144003,10,0
1954661318144003,11,1
1954661318144003,45,2
1954661318144003,50,3
1955051318228182,10,0
1955051318228182,11,1
1955051318228182,27,2
1955051318228182,45,3
1955051318228182,50,4
1955351318312086,10,0
1955351318312086,11,1
1955351318312086,45,2
1955351318312086,50,3
1955351318312086,126,4
1956691318407854,10,0
1956691318407854,11,1
1956691318407854,45,2
1956691318407854,50,3
1963171319185984,10,0
1963171319185984,11,1
1963171319185984,27,2
1963171319185984,50,3
1965061319385045,10,0
1965061319385045,11,1
1965061319385045,45,2
1965061319385045,50,3
1965061319385045,126,4
1972681320361801,10,0
1972681320361801,11,1
1972681320361801,27,2
1972681320361801,45,3
1972681320361801,50,4
1976191320835619,10,0
1976191320835619,11,1
1976191320835619,45,2
1976191320835619,126,3
1977851320945523,10,0
1977851320945523,11,1
1977851320945523,50,2
1977851320945523,126,3
1979591321270344,10,0
1979591321270344,11,1
1979591321270344,27,2
1979591321270344,45,3
1979591321270344,50,4
1979711321274549,10,0
1979711321274549,11,1
1979711321274549,45,2
1979711321274549,50,3
1979711321274549,99,4
1988541322315432,10,0
1988541322315432,11,1
1988541322315432,29,2
1988541322315432,43,3
1988541322315432,45,4
1993501322947885,10,0
1993501322947885,11,1
1993501322947885,27,2
1993501322947885,45,3
1993501322947885,50,4
1993671322950707,10,0
1993671322950707,11,1
1993671322950707,50,2
1993671322950707,156,3
1993901323029471,10,0
1993901323029471,11,1
1993901323029471,45,2
1993901323029471,50,3
1996381323285840,10,0
1996381323285840,11,1
1996381323285840,50,2
1996381323285840,126,3
2007431325433394,10,0
2007431325433394,11,1
2007431325433394,27,2
2007431325433394,45,3
2007431325433394,50,4
2007431325433394,78,5
2010871325857767,10,0
2010871325857767,11,1
2010871325857767,50,2
2010871325857767,126,3
202391085578586,10,0
202391085578586,11,1
202391085578586,50,2
2025551328473872,10,0
2025551328473872,11,1
2025551328473872,45,2
2025551328473872,50,3
202611085643952,10,0
202611085643952,11,1
202611085643952,50,2
202611085643952,126,3
2032861329430586,10,0
2032861329430586,11,1
2032861329430586,45,2
2032861329430586,50,3
2037421330034652,10,0
2037421330034652,11,1
2037421330034652,12,2
2037421330034652,45,3
2037421330034652,50,4
2051581331758755,10,0
2051581331758755,11,1
2051581331758755,27,2
2051581331758755,50,3
2051581331758755,78,4
2051581331758755,126,5
2051601331759315,10,0
2051601331759315,11,1
2051601331759315,50,2
2052311331841605,10,0
2052311331841605,11,1
2052311331841605,50,2
2053881332069844,10,0
2053881332069844,11,1
2053881332069844,50,2
2056021332410904,10,0
2056021332410904,11,1
2056021332410904,45,2
2056021332410904,50,3
2056021332410904,126,4
2056501332499931,10,0
2056501332499931,11,1
2056501332499931,45,2
2056501332499931,49,3
2056501332499931,50,4
2057541332739631,10,0
2057541332739631,11,1
2057541332739631,27,2
2057541332739631,45,3
2057541332739631,50,4
2061931333463206,10,0
2061931333463206,11,1
2061931333463206,12,2
2061931333463206,27,3
2061931333463206,45,4
2061931333463206,49,5
2061931333463206,50,6
2061931333463206,78,7
2063021333553074,10,0
2063021333553074,11,1
2063021333553074,50,2
2063021333553074,144,3
2063021333553074,150,4
206951086775255,10,0
206951086775255,11,1
206951086775255,50,2
206961086775439,10,0
206961086775439,11,1
206961086775439,50,2
2082521336377942,10,0
2082521336377942,11,1
2082521336377942,50,2
2087871337268875,10,0
2087871337268875,11,1
2087871337268875,50,2
2087881337268989,10,0
2087881337268989,11,1
2087881337268989,50,2
208981087475319,10,0
208981087475319,11,1
208981087475319,50,2
2093831338059690,10,0
2093831338059690,11,1
2093831338059690,50,2
2098601338667996,10,0
2098601338667996,11,1
2098601338667996,50,2
2109951340193445,10,0
2109951340193445,11,1
2109951340193445,50,2
2116411340871594,10,0
2116411340871594,11,1
2116411340871594,45,2
2116411340871594,50,3
2119931341476391,10,0
2119931341476391,11,1
2119931341476391,45,2
2119931341476391,50,3
2122271341746881,10,0
2122271341746881,11,1
2122271341746881,27,2
2122271341746881,45,3
2122271341746881,50,4
2122271341746881,78,5
213101089191251,10,0
213101089191251,11,1
213101089191251,27,2
213101089191251,45,3
213101089191251,50,4
2131751342867989,10,0
2131751342867989,11,1
2131751342867989,12,2
2131751342867989,45,3
2131751342867989,50,4
2137371343551017,10,0
2137371343551017,11,1
2137371343551017,12,2
2137371343551017,45,3
2137371343551017,49,4
2137371343551017,50,5
2137371343551017,106,6
2137521343575259,10,0
2137521343575259,11,1
2137521343575259,27,2
2137521343575259,45,3
2137521343575259,50,4
2138011343651572,10,0
2138011343651572,11,1
2138011343651572,27,2
2138011343651572,45,3
2138011343651572,50,4
2146071344852061,10,0
2146071344852061,11,1
2146071344852061,50,2
2149311345213038,10,0
2149311345213038,11,1
2149311345213038,50,2
2149721345282498,10,0
2149721345282498,11,1
2149721345282498,50,2
2149721345282498,126,3
2149741345282641,10,0
2149741345282641,11,1
2149741345282641,126,2
2151081345448992,10,0
2151081345448992,11,1
2151081345448992,32,2
2151081345448992,50,3
2151081345448992,57,4
2151081345448992,126,5
2154271345750818,10,0
2154271345750818,11,1
2154271345750818,45,2
2154271345750818,50,3
2154271345750818,126,4
2155141345818824,10,0
2155141345818824,11,1
2155141345818824,27,2
2155141345818824,45,3
2155141345818824,50,4
2158431346400614,10,0
2158431346400614,11,1
2158431346400614,45,2
2158431346400614,49,3
2158431346400614,50,4
2158441346400641,10,0
2158441346400641,11,1
2158441346400641,45,2
2158441346400641,49,3
2158441346400641,50,4
2158451346400677,10,0
2158451346400677,11,1
2158451346400677,45,2
2158451346400677,49,3
2158451346400677,50,4
2158461346400711,10,0
2158461346400711,11,1
2158461346400711,45,2
2158461346400711,49,3
2158461346400711,50,4
2159091346656313,10,0
2159091346656313,11,1
2159091346656313,27,2
2159091346656313,45,3
2159091346656313,50,4
2162391347025822,10,0
2162391347025822,11,1
2162391347025822,45,2
2162411347026627,10,0
2162411347026627,11,1
2162411347026627,45,2
2162411347026627,50,3
2162421347026990,10,0
2162421347026990,11,1
2162421347026990,50,2
2162441347027033,10,0
2162441347027033,11,1
2162441347027033,45,2
216291090403400,10,0
216291090403400,11,1
216291090403400,50,2
2167421347875202,10,0
2167421347875202,11,1
2167421347875202,27,2
2167421347875202,45,3
2167421347875202,49,4
2167421347875202,50,5
2167431347875235,10,0
2167431347875235,11,1
2167431347875235,45,2
2167541347901093,10,0
2167541347901093,11,1
2167541347901093,45,2
2171711348552247,10,0
2171711348552247,11,1
2171711348552247,32,2
2171711348552247,50,3
2171711348552247,57,4
217981129418,10,0
217981129418,11,1
217981129418,45,2
217981129418,49,3
217981129418,50,4
2180751350151754,10,0
2180751350151754,11,1
2180751350151754,45,2
2180751350151754,50,3
2180751350151754,64,4
2180751350151754,99,5
2180751350151754,156,6
2183221350573289,10,0
2183221350573289,11,1
2183221350573289,50,2
218981129462,10,0
218981129462,11,1
218981129462,45,2
218981129462,49,3
218981129462,50,4
2192471351811302,10,0
2192471351811302,11,1
2192471351811302,50,2
2193001351850772,10,0
2193001351850772,11,1
2193001351850772,126,2
2193171351949676,10,0
2193171351949676,11,1
2193171351949676,45,2
2193171351949676,50,3
2193171351949676,91,4
2193171351949676,126,5
2199771352838044,10,0
2199771352838044,11,1
2199771352838044,50,2
2199781352838077,10,0
2199781352838077,11,1
2199781352838077,50,2
2199811352838164,10,0
2199811352838164,11,1
2199811352838164,50,2
2199821352838201,10,0
2199821352838201,11,1
2199821352838201,50,2
2199831352838225,10,0
2199831352838225,11,1
2199831352838225,50,2
2199841352838250,10,0
2199841352838250,11,1
2199841352838250,50,2
2199851352838273,10,0
2199851352838273,11,1
2199851352838273,50,2
2199861352838298,10,0
2199861352838298,11,1
2199861352838298,50,2
2199871352838325,10,0
2199871352838325,11,1
2199871352838325,50,2
2200121352842065,10,0
2200121352842065,11,1
2200121352842065,27,2
2200121352842065,45,3
2200121352842065,50,4
2200901352928617,10,0
2200901352928617,11,1
2200901352928617,12,2
2200901352928617,45,3
2200901352928617,50,4
2202441353161327,10,0
2202441353161327,11,1
2202441353161327,50,2
2203401353274343,10,0
2203401353274343,11,1
2203401353274343,50,2
2203941353335451,10,0
2203941353335451,11,1
2205941353531324,10,0
2205941353531324,11,1
2205941353531324,50,2
2207991353795378,10,0
2207991353795378,11,1
2207991353795378,27,2
2207991353795378,50,3
2210041353994208,10,0
2210041353994208,11,1
2210041353994208,50,2
2211491354178909,10,0
2211491354178909,11,1
2211491354178909,50,2
2211531354179683,10,0
2211531354179683,11,1
2211531354179683,45,2
2211531354179683,106,3
2211541354179740,10,0
2211541354179740,11,1
2211541354179740,45,2
2211541354179740,106,3
2217441355118009,10,0
2217441355118009,11,1
2217441355118009,45,2
2217441355118009,50,3
2217481355118284,10,0
2217481355118284,11,1
2217481355118284,45,2
2217481355118284,50,3
2218121355172839,10,0
2218121355172839,11,1
2218121355172839,50,2
2218121355172839,126,3
2218561355246207,10,0
2218561355246207,11,1
2218561355246207,45,2
2218561355246207,50,3
2218561355246207,64,4
2218561355246207,90,5
2218561355246207,102,6
2218561355246207,106,7
2220761355433806,10,0
2220761355433806,11,1
2220761355433806,50,2
2221751355524386,10,0
2221751355524386,11,1
2221751355524386,45,2
2221751355524386,50,3
2221751355524386,126,4
222701092225120,10,0
222701092225120,11,1
222701092225120,50,2
222701092225120,126,3
2227231356685723,10,0
2227231356685723,11,1
2227231356685723,45,2
2227231356685723,50,3
222981129670,10,0
222981129670,11,1
222981129670,32,2
222981129670,45,3
222981129670,49,4
222981129670,50,5
222981129670,57,6
2234621357935583,10,0
2234621357935583,11,1
2234621357935583,32,2
2234621357935583,45,3
2234621357935583,50,4
2234621357935583,57,5
2234621357935583,126,6
2236531358197553,10,0
2236531358197553,11,1
2236531358197553,50,2
2237431358353256,10,0
2237431358353256,11,1
2237431358353256,27,2
2237431358353256,45,3
2237431358353256,50,4
2250681360276289,10,0
2250681360276289,11,1
2250681360276289,50,2
2261921361542084,10,0
2261921361542084,11,1
2261921361542084,32,2
2261921361542084,49,3
2261921361542084,50,4
2261921361542084,53,5
2261921361542084,57,6
2261921361542084,126,7
2281791363943042,10,0
2281791363943042,11,1
2281791363943042,45,2
2281791363943042,50,3
2281791363943042,64,4
2285891364507773,10,0
2285891364507773,11,1
2285891364507773,45,2
2285891364507773,50,3
2285891364507773,126,4
2290941365245559,10,0
2290941365245559,11,1
2290941365245559,29,2
2290941365245559,45,3
2290941365245559,50,4
2290941365245559,149,5
2295801365937658,10,0
2295801365937658,11,1
2295801365937658,50,2
230111094475363,10,0
230111094475363,11,1
230111094475363,12,2
230111094475363,50,3
2302531367259857,10,0
2302531367259857,11,1
2302531367259857,45,2
2302531367259857,50,3
2302531367259857,110,4
230381094558908,10,0
230381094558908,11,1
230381094558908,50,2
230401094559785,10,0
230401094559785,11,1
230401094559785,50,2
2309241368477394,10,0
2309241368477394,11,1
2309241368477394,39,2
2309241368477394,45,3
2309241368477394,50,4
2311481368720490,10,0
2311481368720490,11,1
2311481368720490,27,2
2311481368720490,45,3
2311481368720490,50,4
231211094801788,10,0
231211094801788,11,1
231211094801788,50,2
231881094914238,10,0
231881094914238,11,1
231881094914238,50,2
2321721370035415,10,0
2321721370035415,11,1
2321721370035415,12,2
2321721370035415,45,3
2321721370035415,50,4
2327561370872559,10,0
2327561370872559,11,1
2327561370872559,27,2
2327561370872559,45,3
2327561370872559,50,4
2332121371414452,10,0
2332121371414452,11,1
2332121371414452,50,2
233431095696877,10,0
233431095696877,11,1
233431095696877,50,2
2338891372270191,10,0
2338891372270191,11,1
2338891372270191,45,2
2338891372270191,50,3
2342421372796735,10,0
2342421372796735,11,1
2342421372796735,50,2
2342421372796735,113,3
2342421372796735,126,4
2343631372882243,10,0
2343631372882243,11,1
2343631372882243,32,2
2343631372882243,50,3
2343631372882243,57,4
2343631372882243,126,5
2358581374746809,10,0
2358581374746809,11,1
2358581374746809,27,2
2358581374746809,45,3
2358581374746809,50,4
2358581374746809,91,5
2358581374746809,126,6
2361891375201488,10,0
2361891375201488,11,1
2361891375201488,45,2
2361891375201488,50,3
2361891375201488,128,4
2361911375201782,10,0
2361911375201782,11,1
2361911375201782,45,2
2361911375201782,50,3
2362081375211185,10,0
2362081375211185,11,1
2362081375211185,45,2
2362081375211185,50,3
2366291375736245,10,0
2366291375736245,11,1
2366291375736245,50,2
2366891375821329,10,0
2366891375821329,11,1
2366891375821329,27,2
2366891375821329,45,3
2366891375821329,50,4
2370541376204705,10,0
2370541376204705,11,1
2370541376204705,50,2
23711005839041,10,0
23711005839041,11,1
23711005839041,27,2
23711005839041,45,3
23711005839041,50,4
23711005839041,78,5
23711005839041,109,6
2371101376243588,10,0
2371101376243588,11,1
2371101376243588,27,2
2371101376243588,29,3
2371101376243588,50,4
2371101376243588,84,5
2371111376245095,10,0
2371111376245095,11,1
2371111376245095,27,2
2371111376245095,50,3
2371461376253840,10,0
2371461376253840,11,1
2371461376253840,50,2
2382941377634725,10,0
2382941377634725,11,1
2382941377634725,50,2
2382941377634725,126,3
2383771377721659,10,0
2383771377721659,11,1
2383771377721659,12,2
2383771377721659,45,3
2383771377721659,50,4
2383961377783268,10,0
2383961377783268,11,1
2383961377783268,50,2
2390981378473186,10,0
2390981378473186,11,1
2390981378473186,12,2
2390981378473186,50,3
239171097050831,10,0
239171097050831,11,1
239171097050831,12,2
239171097050831,50,3
239351097071470,10,0
239351097071470,11,1
239351097071470,50,2
2394641378840638,10,0
2394641378840638,11,1
2394641378840638,27,2
2394641378840638,45,3
2394641378840638,50,4
2395821378930219,10,0
2395821378930219,11,1
2395821378930219,50,2
2395851378930266,10,0
2395851378930266,11,1
2395851378930266,50,2
2396881379014828,10,0
2396881379014828,11,1
2396881379014828,50,2
2399161379357542,10,0
2399161379357542,11,1
2399161379357542,50,2
2399441379363685,10,0
2399441379363685,11,1
2399441379363685,50,2
2399621379409320,10,0
2399621379409320,11,1
2399621379409320,45,2
2399621379409320,50,3
2399691379415965,10,0
2399691379415965,11,1
2399691379415965,45,2
2399691379415965,50,3
2399801379422107,10,0
2399801379422107,11,1
2399801379422107,45,2
2399801379422107,50,3
240401097329162,10,0
240401097329162,11,1
240401097329162,50,2
240401097329162,126,3
2404631379884777,10,0
2404631379884777,11,1
2404631379884777,45,2
2404631379884777,50,3
2413991381256471,10,0
2413991381256471,11,1
2413991381256471,45,2
2413991381256471,50,3
2413991381256471,126,4
242091097742078,10,0
242091097742078,11,1
242091097742078,32,2
242091097742078,50,3
242091097742078,57,4
242091097742078,9947,5
242091097742078,9948,6
2424481382473248,10,0
2424481382473248,11,1
2424481382473248,50,2
2424481382473248,126,3
2425231382558351,10,0
2425231382558351,11,1
2425231382558351,27,2
2425231382558351,45,3
2425231382558351,50,4
2425231382558351,91,5
2425231382558351,126,6
2427431382883342,10,0
2427431382883342,11,1
2427431382883342,50,2
2427781382963161,10,0
2427781382963161,11,1
2427781382963161,50,2
2429251383141778,10,0
2429251383141778,11,1
2429251383141778,50,2
2433471383774067,10,0
2433471383774067,11,1
2433471383774067,50,2
2436211384112401,10,0
2436211384112401,11,1
2436211384112401,27,2
2436211384112401,45,3
2436211384112401,50,4
243801098107809,10,0
243801098107809,11,1
243801098107809,45,2
243801098107809,50,3
2439501384680539,10,0
2439501384680539,11,1
2439501384680539,50,2
2441221384811389,10,0
2441221384811389,11,1
2441221384811389,50,2
2441221384811389,126,3
2465501388354975,10,0
2465501388354975,11,1
2465501388354975,50,2
2465501388354975,126,3
2466721388650537,10,0
2466721388650537,11,1
2466721388650537,50,2
2466721388650537,126,3
2466751388650600,10,0
2466751388650600,11,1
2466751388650600,50,2
2466751388650600,126,3
2469181389005385,10,0
2469181389005385,11,1
2469181389005385,50,2
2470681389123944,10,0
2470681389123944,11,1
2470681389123944,45,2
2470681389123944,50,3
2480031390245445,10,0
2480031390245445,11,1
2480031390245445,45,2
2480031390245445,50,3
2480511390312453,10,0
2480511390312453,11,1
2480511390312453,45,2
2480511390312453,49,3
2480511390312453,50,4
248981098922483,10,0
248981098922483,11,1
248981098922483,50,2
2490001391524958,10,0
2490001391524958,11,1
2490001391524958,50,2
2490171391545238,10,0
2490171391545238,11,1
2490171391545238,50,2
2507211393451534,10,0
2507211393451534,11,1
2507211393451534,50,2
2507211393451534,126,3
2508141393620804,10,0
2508141393620804,11,1
2508141393620804,45,2
2508141393620804,49,3
2508141393620804,50,4
2519891395171066,10,0
2519891395171066,11,1
2519891395171066,45,2
2519891395171066,50,3
2526011396004782,10,0
2526011396004782,11,1
2526011396004782,12,2
2526011396004782,27,3
2526011396004782,45,4
2526011396004782,95,5
2526011396004782,114,6
2526011396004782,115,7
2531611396708255,10,0
2531611396708255,11,1
2531611396708255,45,2
2531611396708255,50,3
2549751399204182,10,0
2549751399204182,11,1
2549751399204182,45,2
2549751399204182,50,3
2551341399461260,10,0
2551341399461260,11,1
2551341399461260,45,2
2551341399461260,50,3
2558001400345252,10,0
2558001400345252,11,1
2558001400345252,45,2
2558001400345252,50,3
256071100904434,10,0
256071100904434,11,1
256071100904434,50,2
25681006166870,10,0
25681006166870,11,1
25681006166870,45,2
25681006166870,50,3
2568351402000309,10,0
2568351402000309,11,1
2568351402000309,12,2
2568351402000309,45,3
2568351402000309,50,4
256871101049637,10,0
256871101049637,11,1
256871101049637,50,2
256871101049637,102,3
2570561402405988,10,0
2570561402405988,11,1
2570561402405988,27,2
2570561402405988,50,3
2571971402778711,10,0
2571971402778711,11,1
2571971402778711,27,2
2571971402778711,50,3
2572861402953760,10,0
2572861402953760,11,1
2572861402953760,50,2
2573181403026773,10,0
2573181403026773,11,1
2573181403026773,12,2
25751006176638,10,0
25751006176638,11,1
25751006176638,27,2
25751006176638,45,3
25751006176638,50,4
25751006176638,78,5
258021101242293,10,0
258021101242293,11,1
258021101242293,50,2
2580571404750845,10,0
2580571404750845,11,1
2580571404750845,27,2
2580571404750845,32,3
2580571404750845,57,4
2580571404750845,109,5
2580571404750845,151,6
2586791406030856,10,0
2586791406030856,11,1
2586791406030856,27,2
2586791406030856,45,3
2586791406030856,50,4
2586791406030856,78,5
2586791406030856,109,6
2587981406194923,10,0
2587981406194923,11,1
2587981406194923,12,2
2587981406194923,50,3
2588431406280788,10,0
2588431406280788,11,1
2588431406280788,12,2
2588431406280788,50,3
2589441406474919,10,0
2589441406474919,11,1
2589441406474919,27,2
2589441406474919,45,3
2589441406474919,50,4
2589441406474919,109,5
2589551406483440,10,0
2589551406483440,11,1
2589551406483440,12,2
2589551406483440,50,3
2595131407585118,10,0
2595131407585118,11,1
2595131407585118,29,2
2595131407585118,43,3
2596141407775524,10,0
2596141407775524,11,1
2596141407775524,18,2
2596141407775524,49,3
2596141407775524,50,4
2596141407775524,126,5
2597481408003993,10,0
2597481408003993,11,1
2597481408003993,50,2
259861101670645,10,0
259861101670645,11,1
259861101670645,45,2
259861101670645,50,3
2601921408802117,10,0
2601921408802117,11,1
2601921408802117,50,2
2610901410103421,10,0
2610901410103421,11,1
2610901410103421,50,2
2610901410103421,126,3
2611061410112649,10,0
2611061410112649,11,1
2611061410112649,50,2
2614371410552681,10,0
2614371410552681,11,1
2614371410552681,12,2
2614371410552681,27,3
2614371410552681,45,4
2614371410552681,50,5
261591101963028,10,0
261591101963028,11,1
261591101963028,50,2
261801102026775,10,0
261801102026775,11,1
261801102026775,50,2
2619401411393556,10,0
2619401411393556,11,1
2619401411393556,50,2
262211102305329,10,0
262211102305329,11,1
262211102305329,50,2
262211102305329,102,3
2631711413394703,10,0
2631711413394703,11,1
2631711413394703,45,2
2631711413394703,50,3
2631711413394703,109,4
2632621413470126,10,0
2632621413470126,11,1
2632621413470126,50,2
2632771413485321,10,0
2632771413485321,11,1
2632771413485321,50,2
2656531417115980,10,0
2656531417115980,11,1
2656531417115980,50,2
2656531417115980,126,3
2656571417116760,10,0
2656571417116760,11,1
2656571417116760,27,2
2656571417116760,50,3
2656571417116760,109,4
2656571417116760,126,5
2657941417421437,10,0
2657941417421437,11,1
2657941417421437,12,2
2657941417421437,45,3
2657941417421437,50,4
2660671417791558,10,0
2660671417791558,11,1
2660671417791558,45,2
2660671417791558,50,3
2660671417791558,109,4
2664341418291447,10,0
2664341418291447,11,1
2664341418291447,12,2
2664341418291447,45,3
2664341418291447,50,4
266511102994009,10,0
266511102994009,11,1
266511102994009,12,2
266511102994009,50,3
266521102994114,10,0
266521102994114,11,1
266521102994114,50,2
2666541418656372,10,0
2666541418656372,11,1
2666541418656372,50,2
2666541418656372,109,3
2668681418918172,10,0
2668681418918172,11,1
2668681418918172,50,2
266881103086182,10,0
266881103086182,11,1
266881103086182,50,2
266881103086182,146,3
2671771419358447,10,0
2671771419358447,11,1
2671771419358447,45,2
2671771419358447,49,3
2671771419358447,50,4
2671771419358447,109,5
2676761420292756,10,0
2676761420292756,11,1
2676761420292756,27,2
2676761420292756,45,3
2676761420292756,50,4
2680631420644411,10,0
2680631420644411,11,1
2680631420644411,50,2
2680631420644411,99,3
2681991420750649,10,0
2681991420750649,11,1
2681991420750649,50,2
26891006350932,10,0
26891006350932,11,1
26891006350932,45,2
26891006350932,50,3
2698131422651785,10,0
2698131422651785,11,1
2698131422651785,12,2
2698131422651785,45,3
2698131422651785,50,4
270471103811258,10,0
270471103811258,11,1
270471103811258,50,2
2706041423513166,10,0
2706041423513166,11,1
2706041423513166,50,2
2706171423553817,10,0
2706171423553817,11,1
2706171423553817,45,2
2706171423553817,50,3
2709561423944510,10,0
2709561423944510,11,1
2709561423944510,50,2
2709561423944510,109,3
2709561423944510,113,4
2709561423944510,126,5
2716491424530212,10,0
2716491424530212,11,1
2716491424530212,50,2
271821104205206,10,0
271821104205206,11,1
271821104205206,50,2
2723661424964053,10,0
2723661424964053,11,1
2723661424964053,50,2
2732631425627019,10,0
2732631425627019,11,1
2732631425627019,27,2
2732631425627019,50,3
2732631425627019,109,4
2741301426239691,10,0
2741301426239691,11,1
2741301426239691,50,2
2759451427870097,10,0
2759451427870097,11,1
2759451427870097,45,2
2759451427870097,49,3
2759451427870097,50,4
2759451427870097,109,5
2763711428254438,10,0
2763711428254438,11,1
2763711428254438,45,2
2763711428254438,50,3
2763711428254438,109,4
2765401428460017,10,0
2765401428460017,11,1
2765401428460017,12,2
2765401428460017,45,3
2765401428460017,50,4
2765411428470923,10,0
2765411428470923,11,1
2765411428470923,45,2
2765411428470923,50,3
2765411428470923,126,4
2768681428848565,10,0
2768681428848565,11,1
2768681428848565,27,2
2768681428848565,50,3
276911105461787,10,0
276911105461787,11,1
276911105461787,50,2
276911105461787,126,3
2774261429529877,10,0
2774261429529877,11,1
2774261429529877,50,2
2774261429529877,126,3
2778571430027917,10,0
2778571430027917,11,1
2778571430027917,45,2
2778571430027917,50,3
278061105703026,10,0
278061105703026,11,1
278061105703026,50,2
279031105900992,10,0
279031105900992,11,1
279031105900992,32,2
279031105900992,49,3
279031105900992,50,4
279031105900992,57,5
279031105900992,126,6
2791351431272399,10,0
2791351431272399,11,1
2791351431272399,27,2
2791351431272399,45,3
2791351431272399,50,4
2791351431272399,78,5
2791351431272399,109,6
2793241431503620,10,0
2793241431503620,11,1
2793241431503620,12,2
2793241431503620,50,3
2793241431503620,109,4
2803021432409762,10,0
2803021432409762,11,1
2803021432409762,50,2
2810421433079518,10,0
2810421433079518,11,1
2810421433079518,27,2
2810421433079518,50,3
2810421433079518,109,4
2814711433496390,10,0
2814711433496390,11,1
2814711433496390,32,2
2814711433496390,57,3
2814711433496390,9947,4
2814711433496390,9948,5
2816231433619960,10,0
2816231433619960,11,1
2817181433700892,10,0
2817181433700892,11,1
2817181433700892,12,2
2817181433700892,45,3
2817181433700892,49,4
2817181433700892,50,5
2817181433700892,126,6
2825161434618387,10,0
2825161434618387,11,1
2825161434618387,50,2
2829001434893124,10,0
2829001434893124,11,1
2829001434893124,12,2
2829001434893124,50,3
2829001434893124,78,4
283601106700169,10,0
283601106700169,11,1
283601106700169,32,2
283601106700169,45,3
283601106700169,50,4
2837241435721808,10,0
2837241435721808,11,1
2837241435721808,45,2
2837241435721808,49,3
2837241435721808,50,4
2837251435722594,10,0
2837251435722594,11,1
2837251435722594,45,2
2837251435722594,49,3
2837251435722594,50,4
2837961435780994,10,0
2837961435780994,11,1
2837961435780994,12,2
2837961435780994,45,3
2837961435780994,50,4
2838761435862613,10,0
2838761435862613,11,1
2838761435862613,27,2
2838761435862613,45,3
2838761435862613,50,4
2839661436006896,10,0
2839661436006896,11,1
2839661436006896,12,2
2839661436006896,27,3
2839661436006896,45,4
2839661436006896,50,5
2841301436177854,10,0
2841301436177854,11,1
2841301436177854,27,2
2841301436177854,45,3
2841301436177854,49,4
2841301436177854,50,5
2841301436177854,109,6
284271106874367,10,0
284271106874367,11,1
284271106874367,50,2
2843311436366230,10,0
2843311436366230,11,1
2843311436366230,12,2
2843311436366230,49,3
2843311436366230,50,4
2843351436369296,10,0
2843351436369296,11,1
2843351436369296,50,2
2844081436445971,10,0
2844081436445971,11,1
2844081436445971,50,2
2851911437246581,10,0
2851911437246581,11,1
2851911437246581,50,2
2853181437400318,10,0
2853181437400318,11,1
2853181437400318,12,2
2853181437400318,45,3
2853181437400318,50,4
2853181437400318,109,5
2853181437400318,126,6
2853201437401366,10,0
2853201437401366,11,1
2853201437401366,12,2
2853201437401366,50,3
2853201437401366,109,4
2853961437505720,10,0
2853961437505720,11,1
2853961437505720,12,2
2853961437505720,50,3
2855471437660976,10,0
2855471437660976,11,1
2855471437660976,45,2
2855471437660976,50,3
285561107142392,10,0
285561107142392,11,1
285561107142392,50,2
2856121437739928,10,0
2856121437739928,11,1
2856121437739928,27,2
2856121437739928,50,3
2856121437739928,114,4
2856121437739928,115,5
2856121437739928,126,6
2861681438263407,10,0
2861681438263407,11,1
2861681438263407,12,2
2861681438263407,27,3
2861681438263407,50,4
287201107356833,10,0
287201107356833,11,1
287201107356833,32,2
287201107356833,50,3
287201107356833,57,4
2876341439917658,10,0
2876341439917658,11,1
2876341439917658,32,2
2876341439917658,50,3
2876341439917658,126,4
2878221440091197,10,0
2878221440091197,11,1
2878221440091197,45,2
2878221440091197,50,3
2878221440091197,109,4
2881921440447787,10,0
2881921440447787,11,1
2881921440447787,50,2
2881921440447787,126,3
2881961440452981,10,0
2881961440452981,11,1
2912091443469675,10,0
2912091443469675,11,1
2912091443469675,45,2
2912091443469675,50,3
2912091443469675,126,4
2913361443623216,10,0
2913361443623216,11,1
2913361443623216,12,2
2913361443623216,45,3
2913361443623216,50,4
2922981444591338,10,0
2922981444591338,11,1
2922981444591338,50,2
2932351445550495,10,0
2932351445550495,11,1
2932351445550495,50,2
2946941446984278,10,0
2946941446984278,11,1
2946941446984278,45,2
2946941446984278,49,3
2946941446984278,50,4
2946951446984499,10,0
2946951446984499,11,1
2946951446984499,45,2
2946951446984499,49,3
2946951446984499,50,4
2958811448196117,10,0
2958811448196117,11,1
2958811448196117,50,2
2964631448864530,10,0
2964631448864530,11,1
2964631448864530,27,2
2964631448864530,50,3
2964631448864530,78,4
2964641448864565,10,0
2964641448864565,11,1
2964641448864565,50,2
298681109599368,10,0
298681109599368,11,1
298691109599570,10,0
298691109599570,11,1
298691109599570,126,2
2987941451654802,10,0
2987941451654802,11,1
2987941451654802,12,2
2987941451654802,27,3
2987941451654802,45,4
2987941451654802,109,5
2999211452779665,10,0
2999211452779665,11,1
2999211452779665,50,2
3019381454770041,10,0
3019381454770041,11,1
3019381454770041,50,2
3028981455648472,10,0
3028981455648472,11,1
3028981455648472,50,2
3041571456812605,10,0
3041571456812605,11,1
3041571456812605,50,2
3046201457270072,10,0
3046201457270072,11,1
3046201457270072,50,2
3046201457270072,109,3
3048291457456818,10,0
3048291457456818,11,1
3048291457456818,50,2
3048291457456818,109,3
3048291457456818,126,4
3050011457595069,10,0
3050011457595069,11,1
3050011457595069,50,2
3055421458145677,10,0
3055421458145677,11,1
3055421458145677,156,2
3061141458679856,10,0
3061141458679856,11,1
3061141458679856,45,2
3061141458679856,50,3
30671008328070,10,0
30671008328070,11,1
30671008328070,45,2
30671008328070,50,3
3069351459446428,10,0
3069351459446428,11,1
3069351459446428,45,2
3069351459446428,50,3
3069351459446428,106,4
3069351459446428,109,5
3080981460755151,10,0
3080981460755151,11,1
3082481460903332,10,0
3082481460903332,11,1
3082481460903332,50,2
3088951461595556,10,0
3088951461595556,11,1
3088951461595556,50,2
3093981462124568,10,0
3093981462124568,11,1
3093981462124568,29,2
3093981462124568,50,3
3093981462124568,109,4
3093981462124568,158,5
3098851462708027,10,0
3098851462708027,11,1
3098851462708027,50,2
3100101462867434,10,0
3100101462867434,11,1
3100101462867434,50,2
3106801463559329,10,0
3106801463559329,11,1
3106801463559329,50,2
3106831463559881,10,0
3106831463559881,11,1
3106831463559881,50,2
3110701464002829,10,0
3110701464002829,11,1
3110701464002829,50,2
3117191464699733,10,0
3117191464699733,11,1
3117191464699733,27,2
3117191464699733,50,3
3117191464699733,126,4
3121861465325866,10,0
3121861465325866,11,1
3121861465325866,50,2
3124921465734586,10,0
3124921465734586,11,1
3124921465734586,27,2
3124921465734586,45,3
3124921465734586,50,4
3124921465734586,126,5
313051112709613,10,0
313051112709613,11,1
313051112709613,50,2
3132651466607374,10,0
3132651466607374,11,1
3132651466607374,45,2
3132651466607374,50,3
3136961467150659,10,0
3136961467150659,11,1
3136961467150659,50,2
313781112835257,10,0
313781112835257,11,1
313781112835257,50,2
3140611467621514,10,0
3140611467621514,11,1
3140611467621514,50,2
3140611467621514,109,3
3140611467621514,144,4
3140621467621843,10,0
3140621467621843,11,1
3140621467621843,50,2
3140621467621843,109,3
3140631467622042,10,0
3140631467622042,11,1
3140631467622042,50,2
3140631467622042,109,3
3140631467622042,126,4
3140671467622815,10,0
3140671467622815,11,1
3140671467622815,50,2
3140701467623738,10,0
3140701467623738,11,1
3140701467623738,50,2
3140701467623738,109,3
3140701467623738,126,4
3145331468328591,10,0
3145331468328591,11,1
3145331468328591,50,2
3148781468833330,10,0
3148781468833330,11,1
3148781468833330,50,2
3148781468833330,109,3
3148781468833330,126,4
3153471469429445,10,0
3153471469429445,11,1
3153471469429445,12,2
3153471469429445,50,3
3154261469542279,10,0
3154261469542279,11,1
3154261469542279,50,2
3154261469542279,126,3
3159401470248014,10,0
3159401470248014,11,1
3159401470248014,32,2
3159401470248014,50,3
3159401470248014,57,4
3159491470250547,10,0
3159491470250547,11,1
3159491470250547,50,2
3159681470293854,10,0
3159681470293854,11,1
3159681470293854,50,2
3162371470717048,10,0
3162371470717048,11,1
3162371470717048,45,2
3162371470717048,50,3
3162971470801036,10,0
3162971470801036,11,1
3166291471337914,10,0
3166291471337914,11,1
3166291471337914,50,2
3171411472021946,10,0
3171411472021946,11,1
3171411472021946,50,2
3173011472299829,10,0
3173011472299829,11,1
3173011472299829,50,2
3174161472408687,10,0
3174161472408687,11,1
3174161472408687,27,2
3174161472408687,45,3
3174161472408687,50,4
3174161472408687,109,5
3174651472487137,10,0
3174651472487137,11,1
3174651472487137,50,2
3174651472487137,109,3
3174651472487137,144,4
3175021472535428,10,0
3175021472535428,11,1
3175021472535428,12,2
3175021472535428,45,3
3175021472535428,49,4
3175021472535428,50,5
3175031472535925,10,0
3175031472535925,11,1
3175031472535925,12,2
3175031472535925,45,3
3175031472535925,48,4
3175031472535925,49,5
3175031472535925,50,6
3180881473424148,10,0
3180881473424148,11,1
3180881473424148,45,2
3180881473424148,50,3
3189621474729702,10,0
3189621474729702,11,1
3189621474729702,45,2
3189621474729702,49,3
3189621474729702,50,4
319431113748875,10,0
319431113748875,11,1
319431113748875,50,2
3195681475665745,10,0
3195681475665745,11,1
3195681475665745,50,2
3195681475665745,109,3
3196931475823268,10,0
3196931475823268,11,1
3196931475823268,50,2
3200041476260388,10,0
3200041476260388,11,1
3200041476260388,50,2
3208741477585025,10,0
3208741477585025,11,1
3208741477585025,50,2
321311114035459,10,0
321311114035459,11,1
321311114035459,50,2
321311114035459,78,3
3232201480863886,10,0
3232201480863886,11,1
3232201480863886,45,2
3232201480863886,49,3
3232201480863886,50,4
3232201480863886,109,5
3238271481743999,10,0
3238271481743999,11,1
3238271481743999,45,2
3238271481743999,50,3
324391114537265,10,0
324391114537265,11,1
324391114537265,50,2
3248241483364584,10,0
3248241483364584,11,1
3248241483364584,32,2
3248241483364584,45,3
3248241483364584,50,4
3248241483364584,57,5
3248241483364584,9948,6
3254761484084764,10,0
3254761484084764,11,1
3254761484084764,45,2
3256931484387040,10,0
3256931484387040,11,1
3256931484387040,45,2
3256931484387040,49,3
3256931484387040,50,4
3256931484387040,109,5
3257181484406369,10,0
3257181484406369,11,1
3257181484406369,45,2
3257181484406369,50,3
3261331484945695,10,0
3261331484945695,11,1
3261331484945695,50,2
3261331484945695,109,3
3262271485087701,10,0
3262271485087701,11,1
3262271485087701,50,2
326481115025406,10,0
326481115025406,11,1
326481115025406,50,2
3276171486736635,10,0
3276171486736635,11,1
3276171486736635,50,2
3276311486757696,10,0
3276311486757696,11,1
3276311486757696,45,2
3276311486757696,50,3
3278911487082678,10,0
3278911487082678,11,1
3278911487082678,12,2
3278911487082678,45,3
3278911487082678,50,4
328091115256763,10,0
328091115256763,11,1
328091115256763,50,2
3287031488132979,10,0
3287031488132979,11,1
3287031488132979,50,2
3302551490518537,10,0
3302551490518537,11,1
3302551490518537,50,2
3306111491039879,10,0
3306111491039879,11,1
3306141491040204,10,0
3306141491040204,11,1
3306141491040204,27,2
3306141491040204,78,3
330681115771078,10,0
330681115771078,11,1
330681115771078,50,2
3319961493029929,10,0
3319961493029929,11,1
3319961493029929,27,2
3319961493029929,45,3
3319961493029929,49,4
3319961493029929,50,5
3331741494696525,10,0
3331741494696525,11,1
3331741494696525,50,2
3331741494696525,109,3
3331741494696525,113,4
3336801495569360,10,0
3336801495569360,11,1
3336801495569360,12,2
3336801495569360,29,3
3336801495569360,60,4
3337631495725378,10,0
3337631495725378,11,1
3337631495725378,50,2
3337641495726672,10,0
3337641495726672,11,1
3337641495726672,50,2
3337681495730620,10,0
3337681495730620,11,1
3337681495730620,50,2
3338171495827323,10,0
3338171495827323,11,1
3338171495827323,45,2
3338171495827323,50,3
3340631496364597,10,0
3340631496364597,11,1
3340631496364597,50,2
3343061496743765,10,0
3343061496743765,11,1
3343061496743765,27,2
3343061496743765,49,3
3343061496743765,50,4
3343061496743765,109,5
3348061497598632,10,0
3348061497598632,11,1
3348061497598632,27,2
3348061497598632,50,3
3348061497598632,109,4
3348061497598632,126,5
3381261503042309,10,0
3381261503042309,11,1
3381261503042309,12,2
3381261503042309,45,3
3381261503042309,144,4
3381811503092102,10,0
3381811503092102,11,1
3381811503092102,27,2
3381811503092102,45,3
3381811503092102,50,4
3383971503491203,10,0
3383971503491203,11,1
3383971503491203,12,2
3383971503491203,27,3
3383971503491203,109,4
339951117839210,10,0
339951117839210,11,1
339951117839210,50,2
339951117839210,95,3
339951117839210,146,4
3416961509117251,10,0
3416961509117251,11,1
3416961509117251,50,2
3427361510544788,10,0
3427361510544788,11,1
3427361510544788,50,2
3429461510883484,10,0
3429461510883484,11,1
3429461510883484,50,2
3430461511061506,10,0
3430461511061506,11,1
3430461511061506,50,2
3430491511074597,10,0
3430491511074597,11,1
3430491511074597,50,2
3430891511108095,10,0
3430891511108095,11,1
3430891511108095,50,2
3430891511108095,109,3
3430961511110346,10,0
3430961511110346,11,1
3430961511110346,45,2
3430961511110346,48,3
3430961511110346,49,4
3430961511110346,50,5
3431751511232504,10,0
3431751511232504,11,1
3431751511232504,45,2
3431751511232504,50,3
3432261511325537,10,0
3432261511325537,11,1
3432261511325537,50,2
3432881511406804,10,0
3432881511406804,11,1
3432881511406804,50,2
3435551511795714,10,0
3435551511795714,11,1
3435551511795714,49,2
3435551511795714,50,3
3436021511884180,10,0
3436021511884180,11,1
3436021511884180,45,2
3436021511884180,49,3
3436021511884180,50,4
3437501512099200,10,0
3437501512099200,11,1
3437501512099200,50,2
3438081512177496,10,0
3438081512177496,11,1
3438081512177496,39,2
3438081512177496,45,3
3438081512177496,50,4
3442531512890950,10,0
3442531512890950,11,1
3442531512890950,48,2
3442531512890950,50,3
3442531512890950,64,4
3442531512890950,102,5
3442531512890950,106,6
3442531512890950,126,7
3444551513177643,10,0
3444551513177643,11,1
3444551513177643,12,2
3444551513177643,27,3
3444551513177643,45,4
3444551513177643,50,5
3453831514716699,10,0
3453831514716699,11,1
3453831514716699,45,2
3453831514716699,50,3
3453831514716699,64,4
3453831514716699,87,5
3453831514716699,102,6
3454661514812014,10,0
3454661514812014,11,1
3454661514812014,45,2
3454661514812014,49,3
3454661514812014,50,4
3464551516122312,10,0
3464551516122312,11,1
3464551516122312,27,2
3464551516122312,45,3
3464551516122312,49,4
3464551516122312,50,5
3464581516123216,10,0
3464581516123216,11,1
3464581516123216,27,2
3464581516123216,45,3
3464581516123216,49,4
3464581516123216,50,5
3464591516123889,10,0
3464591516123889,11,1
3464591516123889,45,2
3464591516123889,49,3
3464591516123889,50,4
3467761516618982,10,0
3467761516618982,11,1
3467761516618982,50,2
3467761516618982,6082,3
3468461516702856,10,0
3468461516702856,11,1
3468461516702856,27,2
3468461516702856,45,3
3468461516702856,49,4
3468461516702856,50,5
3468461516702856,78,6
3468461516702856,115,7
3468461516702856,5999,8
3468531516709179,10,0
3468531516709179,11,1
3468531516709179,50,2
3468531516709179,112,3
3468591516711054,10,0
3468591516711054,11,1
3468591516711054,45,2
3468591516711054,50,3
3468591516711054,112,4
3471131517109441,10,0
3471131517109441,11,1
3471131517109441,50,2
3474061517586588,10,0
3474061517586588,11,1
3474061517586588,45,2
3474061517586588,49,3
3474061517586588,50,4
3474361517666742,10,0
3474361517666742,11,1
3474361517666742,45,2
3474361517666742,50,3
3476491517974606,10,0
3476491517974606,11,1
3476491517974606,50,2
3477821518223723,10,0
3477821518223723,11,1
3477821518223723,50,2
3482131518875319,10,0
3482131518875319,11,1
3482131518875319,50,2
3483151518999831,10,0
3483151518999831,11,1
3483151518999831,50,2
348401119951611,10,0
348401119951611,11,1
348401119951611,50,2
3486331519492858,10,0
3486331519492858,11,1
3486331519492858,50,2
3486471519522704,10,0
3486471519522704,11,1
3486471519522704,50,2
3490021519996902,10,0
3490021519996902,11,1
3490021519996902,45,2
3490021519996902,50,3
3491861520209511,10,0
3491861520209511,11,1
3491861520209511,50,2
3494161520612585,10,0
3494161520612585,11,1
3494161520612585,50,2
3496161520903641,10,0
3496161520903641,11,1
3496161520903641,38,2
3496161520903641,45,3
3496161520903641,50,4
3499731521388576,10,0
3499731521388576,11,1
3499731521388576,45,2
3499731521388576,50,3
3500541521489041,10,0
3500541521489041,11,1
3500541521489041,18,2
3500541521489041,27,3
3500541521489041,45,4
3500541521489041,48,5
3500541521489041,50,6
3500541521489041,78,7
3500541521489041,113,8
3500541521489041,126,9
3503111521859213,10,0
3503111521859213,11,1
3503111521859213,29,2
3503111521859213,43,3
3503111521859213,50,4
3504551522085500,10,0
3504551522085500,11,1
3504551522085500,27,2
3504551522085500,45,3
3504551522085500,49,4
3504551522085500,50,5
3504551522085500,106,6
3504551522085500,211,7
3506671522427997,10,0
3506671522427997,11,1
351121120464365,10,0
351121120464365,11,1
351121120464365,45,2
351121120464365,50,3
351121120464365,113,4
3511391523244451,10,0
3511391523244451,11,1
3511391523244451,45,2
3511391523244451,50,3
351151120469768,10,0
351151120469768,11,1
351151120469768,45,2
351151120469768,50,3
3513891523770526,10,0
3513891523770526,11,1
3513891523770526,50,2
3515701524191225,10,0
3515701524191225,11,1
3515701524191225,27,2
3515701524191225,50,3
352241120560349,10,0
352241120560349,11,1
352241120560349,27,2
352241120560349,45,3
352241120560349,50,4
352371120572613,10,0
352371120572613,11,1
352371120572613,27,2
352371120572613,45,3
352371120572613,50,4
3531021527163985,10,0
3531021527163985,11,1
3531021527163985,49,2
3531021527163985,50,3
3531021527163985,78,4
3531021527163985,109,5
3534771527983043,10,0
3534771527983043,11,1
3537211528570378,10,0
3537211528570378,11,1
3537211528570378,12,2
3537211528570378,45,3
3537211528570378,49,4
3537211528570378,50,5
3537211528570378,211,6
354841120765259,10,0
354841120765259,11,1
354841120765259,50,2
3558791533117837,10,0
3558791533117837,11,1
3558791533117837,45,2
3558791533117837,50,3
3558791533117837,115,4
3558791533117837,5999,5
3561241533753413,10,0
3561241533753413,11,1
3561241533753413,12,2
3561241533753413,45,3
3561241533753413,50,4
3561651533843119,10,0
3561651533843119,11,1
3561651533843119,45,2
3561651533843119,50,3
3566661535047073,10,0
3566661535047073,11,1
3566661535047073,50,2
3566661535047073,126,3
3570841535903757,10,0
3570841535903757,11,1
3570841535903757,45,2
3572251536228200,10,0
3572251536228200,11,1
3572251536228200,50,2
3572251536228200,144,3
3582661538329136,10,0
3582661538329136,11,1
3582661538329136,45,2
3582661538329136,50,3
3582661538329136,126,4
3582821538337845,10,0
3582821538337845,11,1
3582821538337845,49,2
3582821538337845,50,3
3582821538337845,64,4
3582821538337845,99,5
3582821538337845,102,6
3586791539088155,10,0
3586791539088155,11,1
3586791539088155,45,2
3586791539088155,50,3
3595101540650289,10,0
3595101540650289,11,1
3595101540650289,45,2
3595101540650289,50,3
3596101540765991,10,0
3596101540765991,11,1
3596101540765991,50,2
3597241540929379,10,0
3597241540929379,11,1
3597241540929379,12,2
3597241540929379,45,3
3597241540929379,50,4
3603461541811011,10,0
3603461541811011,11,1
3603461541811011,50,2
3604171541909571,10,0
3604171541909571,11,1
3604171541909571,45,2
3604171541909571,50,3
3606251542209894,10,0
3606251542209894,11,1
3606251542209894,45,2
3606251542209894,50,3
3610521542858683,10,0
3610521542858683,11,1
3610521542858683,102,2
3627241545772484,10,0
3627241545772484,11,1
3627241545772484,50,2
3645681548752227,10,0
3645681548752227,11,1
3645681548752227,45,2
3645681548752227,50,3
3648301549187175,10,0
3648301549187175,11,1
3648301549187175,45,2
3648301549187175,50,3
365841122053982,10,0
365841122053982,11,1
365841122053982,50,2
366511122186943,10,0
366511122186943,11,1
366511122186943,50,2
3678521554371363,10,0
3678521554371363,11,1
3678521554371363,50,2
3687781556312762,10,0
3687781556312762,11,1
3687781556312762,45,2
3687781556312762,50,3
3694991557739415,10,0
3694991557739415,11,1
3694991557739415,45,2
3694991557739415,50,3
3708651560814216,10,0
3708651560814216,11,1
3708651560814216,45,2
3708651560814216,50,3
371481122858112,10,0
371481122858112,11,1
371481122858112,50,2
3735221566824322,10,0
3735221566824322,11,1
3735221566824322,12,2
3735221566824322,50,3
3741781568205397,10,0
3741781568205397,11,1
3741781568205397,50,2
3763461573034856,10,0
3763461573034856,11,1
3763461573034856,50,2
3766071573481704,10,0
3766071573481704,11,1
3766071573481704,50,2
3766071573481704,102,3
3766481573567103,10,0
3766481573567103,11,1
3766481573567103,50,2
3772981574769638,10,0
3772981574769638,11,1
3772981574769638,50,2
3830491583193548,10,0
3830491583193548,11,1
3830491583193548,50,2
3835071584100868,10,0
3835071584100868,11,1
3835071584100868,50,2
383721124903054,10,0
383721124903054,11,1
383721124903054,50,2
3838351584880216,10,0
3838351584880216,11,1
3838351584880216,45,2
3838351584880216,50,3
3838351584880216,126,4
3858311587418928,10,0
3858311587418928,11,1
3858311587418928,50,2
3861671587929884,10,0
3861671587929884,11,1
3861671587929884,50,2
3872341589281172,10,0
3872341589281172,11,1
3873031589365848,10,0
3873031589365848,11,1
3873031589365848,50,2
3873031589365848,109,3
3876511589803540,10,0
3876511589803540,11,1
3876511589803540,50,2
389451126273813,10,0
389451126273813,11,1
389451126273813,50,2
3895451593181515,10,0
3895451593181515,11,1
3895451593181515,45,2
3895451593181515,50,3
3895451593181515,109,4
3895471593184072,10,0
3895471593184072,11,1
3895471593184072,45,2
3895471593184072,50,3
3895471593184072,109,4
3895471593184072,126,5
3903501594878922,10,0
3903501594878922,11,1
3903501594878922,90,2
3903501594878922,106,3
3903501594878922,127,4
391891126799995,10,0
391891126799995,11,1
391891126799995,32,2
391891126799995,50,3
391891126799995,57,4
392511127565403,10,0
392511127565403,11,1
392511127565403,50,2
396411128416150,10,0
396411128416150,11,1
396411128416150,50,2
396411128416150,151,3
397901128710999,10,0
397901128710999,11,1
397901128710999,50,2
39791013419984,10,0
39791013419984,11,1
39791013419984,50,2
39791013419984,126,3
398211128763024,10,0
398211128763024,11,1
398211128763024,106,2
403061129556754,10,0
403061129556754,11,1
403061129556754,12,2
403061129556754,50,3
403071129556923,10,0
403071129556923,11,1
403071129556923,50,2
40481013608885,10,0
40481013608885,11,1
40481013608885,50,2
40481013608885,95,3
4048491626342312,10,0
4048491626342312,11,1
4048491626342312,27,2
4048491626342312,78,3
4048491626342312,104,4
4048491626342312,106,5
4048491626342312,109,6
405551129847494,10,0
405551129847494,11,1
405551129847494,29,2
405551129847494,43,3
405551129847494,50,4
407391130276067,10,0
407391130276067,11,1
407391130276067,32,2
407391130276067,50,3
407391130276067,57,4
40771013759605,10,0
40771013759605,11,1
40771013759605,50,2
409101130689799,10,0
409101130689799,11,1
409101130689799,27,2
409101130689799,32,3
409101130689799,115,4
409101130689799,5999,5
409101130689799,9947,6
409101130689799,9948,7
410321130887125,10,0
410321130887125,11,1
410321130887125,50,2
41241014040715,10,0
41241014040715,11,1
41241014040715,45,2
41241014040715,50,3
413511131375169,10,0
413511131375169,11,1
413511131375169,50,2
413581131376118,10,0
413581131376118,11,1
413581131376118,50,2
414031131446451,10,0
414031131446451,11,1
414031131446451,50,2
414081131447003,10,0
414081131447003,11,1
414081131447003,50,2
414101131447261,10,0
414101131447261,11,1
414101131447261,50,2
414181131454719,10,0
414181131454719,11,1
414181131454719,50,2
414201131454863,10,0
414201131454863,11,1
414201131454863,50,2
414211131454980,10,0
414211131454980,11,1
414211131454980,50,2
414291131455560,10,0
414291131455560,11,1
414291131455560,50,2
418251132327804,10,0
418251132327804,11,1
418251132327804,50,2
418511132341387,10,0
418511132341387,11,1
418511132341387,50,2
418531132358704,10,0
418531132358704,11,1
418531132358704,50,2
418561132358743,10,0
418561132358743,11,1
418561132358743,50,2
418571132358756,10,0
418571132358756,11,1
418571132358756,50,2
418591132359928,10,0
418591132359928,11,1
418591132359928,50,2
418651132365209,10,0
418651132365209,11,1
418651132365209,32,2
418651132365209,50,3
418651132365209,57,4
420941132761959,10,0
420941132761959,11,1
420941132761959,50,2
420941132761959,102,3
421321132836937,10,0
421321132836937,11,1
421321132836937,50,2
421321132836937,113,3
428391133864702,10,0
428391133864702,11,1
428391133864702,50,2
431881134349329,10,0
431881134349329,11,1
431881134349329,12,2
431881134349329,50,3
432861134479427,10,0
432861134479427,11,1
432861134479427,38,2
432861134479427,50,3
433071134552861,10,0
433071134552861,11,1
433071134552861,45,2
433071134552861,50,3
433071134552861,109,4
433071134552861,150,5
435131135040618,10,0
435131135040618,11,1
435131135040618,50,2
43781014910400,10,0
43781014910400,11,1
43781014910400,45,2
439591135967200,10,0
439591135967200,11,1
439591135967200,50,2
439591135967200,95,3
440841136227670,10,0
440841136227670,11,1
440841136227670,27,2
440841136227670,32,3
440841136227670,45,4
440841136227670,50,5
440841136227670,57,6
440841136227670,121,7
440941136232622,10,0
440941136232622,11,1
440941136232622,50,2
442921136433842,10,0
442921136433842,11,1
442921136433842,38,2
442921136433842,50,3
442921136433842,146,4
449961137445212,10,0
449961137445212,11,1
449961137445212,50,2
450611137508106,10,0
450611137508106,11,1
450611137508106,50,2
450621137508156,10,0
450621137508156,11,1
450621137508156,50,2
453021137806668,10,0
453021137806668,11,1
453021137806668,50,2
453521137940799,10,0
453521137940799,11,1
453521137940799,50,2
453521137940799,126,3
453531137940891,10,0
453531137940891,11,1
453531137940891,50,2
453531137940891,126,3
453541137940963,10,0
453541137940963,11,1
453541137940963,50,2
453541137940963,126,3
454541138134374,10,0
454541138134374,11,1
454541138134374,50,2
454541138134374,146,3
457031138794449,10,0
457031138794449,11,1
457031138794449,50,2
459721139064057,10,0
459721139064057,11,1
459721139064057,32,2
459721139064057,45,3
459721139064057,50,4
459721139064057,126,5
478101141778477,10,0
478101141778477,11,1
478101141778477,50,2
48621016466310,10,0
48621016466310,11,1
48621016466310,50,2
489281143029201,10,0
489281143029201,11,1
489281143029201,50,2
489281143029201,53,3
489281143029201,126,4
497561144414376,10,0
497561144414376,11,1
497561144414376,49,2
497561144414376,50,3
505361145565727,10,0
505361145565727,11,1
505361145565727,12,2
505361145565727,50,3
510481146667709,10,0
510481146667709,11,1
510481146667709,27,2
510481146667709,45,3
510481146667709,49,4
510481146667709,50,5
510861146757903,10,0
510861146757903,11,1
510861146757903,27,2
510861146757903,50,3
510861146757903,78,4
511181146810570,10,0
511181146810570,11,1
511181146810570,45,2
511181146810570,49,3
511181146810570,50,4
51411018097428,10,0
51411018097428,11,1
51411018097428,50,2
517291147878039,10,0
517291147878039,11,1
517291147878039,50,2
517301147878115,10,0
517301147878115,11,1
517301147878115,50,2
523311148665731,10,0
523311148665731,11,1
523311148665731,49,2
523311148665731,50,3
529391149680275,10,0
529391149680275,11,1
529391149680275,50,2
532431150104068,10,0
532431150104068,11,1
532431150104068,45,2
532431150104068,49,3
532431150104068,50,4
534051150362057,10,0
534051150362057,11,1
534051150362057,27,2
534051150362057,50,3
534051150362057,78,4
537251150814892,10,0
537251150814892,11,1
537251150814892,50,2
537251150814892,90,3
543741151837218,10,0
543741151837218,11,1
543741151837218,50,2
54511019471591,10,0
54511019471591,11,1
54511019471591,50,2
54531019471880,10,0
54531019471880,11,1
54531019471880,50,2
545941152101216,10,0
545941152101216,11,1
545941152101216,45,2
545941152101216,50,3
556311153405051,10,0
556311153405051,11,1
556311153405051,50,2
556471153463540,10,0
556471153463540,11,1
556471153463540,50,2
556471153463540,146,3
558161153825495,10,0
558161153825495,11,1
558161153825495,50,2
560211154073567,10,0
560211154073567,11,1
560211154073567,45,2
560211154073567,50,3
561381154255637,10,0
561381154255637,11,1
561381154255637,50,2
562511154444597,10,0
562511154444597,11,1
585491157715513,10,0
585491157715513,11,1
585491157715513,45,2
585491157715513,50,3
587671157988569,10,0
587671157988569,11,1
587671157988569,45,2
587671157988569,49,3
587671157988569,50,4
590581158590180,10,0
590581158590180,11,1
590581158590180,50,2
590581158590180,126,3
59381021800560,10,0
59381021800560,11,1
59381021800560,28,2
59381021800560,29,3
59381021800560,32,4
59381021800560,50,5
59381021800560,57,6
594601159107993,10,0
594601159107993,11,1
594601159107993,50,2
59731021882324,10,0
59731021882324,11,1
59731021882324,12,2
59731021882324,45,3
59731021882324,50,4
59731021882324,5999,5
59751021882739,10,0
59751021882739,11,1
59751021882739,12,2
59751021882739,32,3
59751021882739,45,4
59751021882739,50,5
59751021882739,57,6
59751021882739,115,7
59751021882739,5999,8
59751021882739,9947,9
59751021882739,9948,10
602021159954437,10,0
602021159954437,11,1
602021159954437,45,2
602021159954437,49,3
602021159954437,50,4
609011160744468,10,0
609011160744468,11,1
609011160744468,50,2
614251161437770,10,0
614251161437770,11,1
614251161437770,50,2
620581162304326,10,0
620581162304326,11,1
620581162304326,50,2
620821162370936,10,0
620821162370936,11,1
620821162370936,50,2
627351163082518,10,0
627351163082518,11,1
627351163082518,50,2
628001163157973,10,0
628001163157973,11,1
628001163157973,32,2
628001163157973,45,3
628001163157973,49,4
628001163157973,50,5
628001163157973,57,6
628001163157973,115,7
628001163157973,5999,8
634921164207360,10,0
634921164207360,11,1
634921164207360,50,2
634971164207734,10,0
634971164207734,11,1
634971164207734,50,2
63721023351778,10,0
63721023351778,11,1
63721023351778,32,2
63721023351778,45,3
63721023351778,50,4
63721023351778,9948,5
639231164878565,10,0
639231164878565,11,1
639231164878565,45,2
639231164878565,50,3
64131023710968,10,0
64131023710968,11,1
64131023710968,32,2
64131023710968,50,3
64131023710968,57,4
642801165334463,10,0
642801165334463,11,1
642801165334463,50,2
643081165399308,10,0
643081165399308,11,1
643081165399308,32,2
643081165399308,50,3
643081165399308,57,4
644631165586959,10,0
644631165586959,11,1
644631165586959,50,2
645311165741630,10,0
645311165741630,11,1
645311165741630,45,2
645311165741630,49,3
645311165741630,50,4
64791023869206,10,0
64791023869206,11,1
64791023869206,27,2
64791023869206,45,3
64791023869206,50,4
64791023869206,126,5
64801023871238,10,0
64801023871238,11,1
64801023871238,27,2
64801023871238,45,3
64801023871238,49,4
64801023871238,50,5
64801023871238,109,6
64801023871238,126,7
649751166346740,10,0
649751166346740,11,1
649751166346740,27,2
649751166346740,45,3
649751166346740,49,4
649751166346740,50,5
649771166347325,10,0
649771166347325,11,1
649771166347325,45,2
649771166347325,49,3
649771166347325,50,4
649781166348867,10,0
649781166348867,11,1
649781166348867,45,2
649781166348867,49,3
649781166348867,50,4
649811166353802,10,0
649811166353802,11,1
649811166353802,27,2
649811166353802,45,3
649811166353802,49,4
649811166353802,50,5
651371166616362,10,0
651371166616362,11,1
651371166616362,50,2
651371166616362,64,3
651371166616362,90,4
651371166616362,99,5
651371166616362,146,6
651371166616362,150,7
654821167144619,10,0
654821167144619,11,1
654821167144619,50,2
656821167389374,10,0
656821167389374,11,1
656821167389374,45,2
656821167389374,49,3
656821167389374,50,4
661651167983014,10,0
661651167983014,11,1
661651167983014,50,2
67381024843378,10,0
67381024843378,11,1
67381024843378,45,2
67381024843378,50,3
678701170318915,10,0
678701170318915,11,1
678701170318915,50,2
679731170419522,10,0
679731170419522,11,1
679731170419522,50,2
679941170433191,10,0
679941170433191,11,1
679941170433191,45,2
679941170433191,50,3
679941170433191,95,4
686561171188490,10,0
686561171188490,11,1
686561171188490,45,2
686561171188490,50,3
686561171188490,113,4
687101171206327,10,0
687101171206327,11,1
687101171206327,45,2
687101171206327,50,3
69071025615738,10,0
69071025615738,11,1
69071025615738,12,2
69071025615738,50,3
69071025615738,126,4
69081025615828,10,0
69081025615828,11,1
69081025615828,12,2
69081025615828,50,3
69081025615828,126,4
690901171609285,10,0
690901171609285,11,1
690901171609285,45,2
690901171609285,49,3
690901171609285,50,4
690901171609285,64,5
690901171609285,87,6
690901171609285,102,7
6971800010,10,0
6971800010,11,1
6971800010,32,2
6971800010,45,3
6971800010,50,4
6971800010,57,5
701451172755496,10,0
701451172755496,11,1
701451172755496,50,2
701451172755496,90,3
701451172755496,95,4
701451172755496,127,5
704691173087085,10,0
704691173087085,11,1
704691173087085,50,2
705241173167941,10,0
705241173167941,11,1
705241173167941,50,2
707651173365519,10,0
707651173365519,11,1
707651173365519,50,2
707651173365519,95,3
707651173365519,146,4
70791026375000,10,0
70791026375000,11,1
70791026375000,27,2
70791026375000,50,3
711801173790324,10,0
711801173790324,11,1
711801173790324,50,2
711801173790324,106,3
713371174004936,10,0
713371174004936,11,1
713371174004936,29,2
713371174004936,45,3
713371174004936,50,4
713371174004936,91,5
713371174004936,106,6
713371174004936,126,7
718431174509152,10,0
718431174509152,11,1
718431174509152,45,2
718431174509152,50,3
71861027003809,10,0
71861027003809,11,1
71861027003809,45,2
71861027003809,50,3
71861027003809,95,4
71861027003809,121,5
71861027003809,126,6
73911027849297,10,0
73911027849297,11,1
73911027849297,50,2
741261176739420,10,0
741261176739420,11,1
741261176739420,50,2
746851177235594,10,0
746851177235594,11,1
746851177235594,45,2
746851177235594,49,3
746851177235594,50,4
751151177666508,10,0
751151177666508,11,1
751151177666508,50,2
751151177666508,114,3
751151177666508,115,4
75351028641927,10,0
75351028641927,11,1
75351028641927,12,2
75351028641927,45,3
75351028641927,50,4
75351028641927,95,5
75361028642280,10,0
75361028642280,11,1
75361028642280,12,2
75361028642280,32,3
75361028642280,45,4
75361028642280,50,5
75361028642280,95,6
75371028643163,10,0
75371028643163,11,1
75371028643163,12,2
75371028643163,32,3
75371028643163,45,4
75371028643163,50,5
75371028643163,57,6
75371028643163,95,7
76111029081774,10,0
76111029081774,11,1
76111029081774,50,2
764801179302457,10,0
764801179302457,11,1
764801179302457,45,2
764801179302457,49,3
764801179302457,50,4
764801179302457,106,5
769081179762158,10,0
769081179762158,11,1
769081179762158,50,2
769521179837045,10,0
769521179837045,11,1
769521179837045,50,2
769551179837294,10,0
769551179837294,11,1
769551179837294,50,2
769581179837545,10,0
769581179837545,11,1
769581179837545,50,2
770501179923465,10,0
770501179923465,11,1
770501179923465,50,2
770501179923465,126,3
772171180078235,10,0
772171180078235,11,1
772171180078235,27,2
772171180078235,45,3
772171180078235,49,4
772171180078235,50,5
772171180078235,78,6
784521181718642,10,0
784521181718642,11,1
784521181718642,45,2
784521181718642,49,3
784521181718642,50,4
784521181718642,109,5
785021181743745,10,0
785021181743745,11,1
785021181743745,50,2
785031181744817,10,0
785031181744817,11,1
785031181744817,50,2
785911181832446,10,0
785911181832446,11,1
785911181832446,50,2
787531182090910,10,0
787531182090910,11,1
787531182090910,50,2
787541182091063,10,0
787541182091063,11,1
787541182091063,50,2
787581182092161,10,0
787581182092161,11,1
787581182092161,50,2
787591182092274,10,0
787591182092274,11,1
787591182092274,50,2
787641182092811,10,0
787641182092811,11,1
787641182092811,50,2
787651182092954,10,0
787651182092954,11,1
787651182092954,50,2
789191182258089,10,0
789191182258089,11,1
789191182258089,50,2
78951030278405,10,0
78951030278405,11,1
78951030278405,45,2
78951030278405,49,3
78951030278405,50,4
78951030278405,91,5
78951030278405,95,6
78951030278405,126,7
789971182337474,10,0
789971182337474,11,1
789971182337474,45,2
789971182337474,49,3
789971182337474,50,4
792201182595762,10,0
792201182595762,11,1
792201182595762,50,2
792221182596518,10,0
792221182596518,11,1
792221182596518,50,2
793611182866138,10,0
793611182866138,11,1
793611182866138,50,2
793621182866226,10,0
793621182866226,11,1
793621182866226,50,2
793631182866435,10,0
793631182866435,11,1
793631182866435,50,2
793651182867552,10,0
793651182867552,11,1
793651182867552,50,2
795981183194422,10,0
795981183194422,11,1
795981183194422,32,2
795981183194422,57,3
7971878818,10,0
7971878818,11,1
798751183535537,10,0
798751183535537,11,1
798751183535537,50,2
799411183558141,10,0
799411183558141,11,1
799411183558141,50,2
806781184505748,10,0
806781184505748,11,1
806781184505748,45,2
806781184505748,50,3
80791031472190,10,0
80791031472190,11,1
80791031472190,50,2
80791031472190,126,3
81041031658387,10,0
81041031658387,11,1
81041031658387,50,2
812231185373350,10,0
812231185373350,11,1
812231185373350,50,2
818561186386449,10,0
818561186386449,11,1
818561186386449,50,2
818561186386449,114,3
818561186386449,115,4
819731186482474,10,0
819731186482474,11,1
819731186482474,45,2
819731186482474,49,3
819731186482474,50,4
820531186559397,10,0
820531186559397,11,1
820531186559397,32,2
820531186559397,50,3
820531186559397,57,4
823871187072478,10,0
823871187072478,11,1
823871187072478,50,2
823911187073147,10,0
823911187073147,11,1
823911187073147,50,2
830101187620131,10,0
830101187620131,11,1
830101187620131,50,2
83621032796870,10,0
83621032796870,11,1
83621032796870,50,2
83941032940414,10,0
83941032940414,11,1
83941032940414,45,2
83941032940414,50,3
83941032940414,126,4
84321033051119,10,0
84321033051119,11,1
84321033051119,12,2
84321033051119,50,3
843861189609494,10,0
843861189609494,11,1
843861189609494,50,2
849451190379310,10,0
849451190379310,11,1
849451190379310,50,2
85311033461656,10,0
85311033461656,11,1
85311033461656,50,2
85321033461757,10,0
85321033461757,11,1
85321033461757,50,2
855741191050332,10,0
855741191050332,11,1
855741191050332,45,2
855741191050332,49,3
855741191050332,50,4
855741191050332,95,5
85771033568432,10,0
85771033568432,11,1
85771033568432,32,2
85771033568432,50,3
85771033568432,126,4
869741192387593,10,0
869741192387593,11,1
869741192387593,29,2
869741192387593,45,3
869741192387593,49,4
869741192387593,50,5
869741192387593,84,6
87031034087403,10,0
87031034087403,11,1
87031034087403,12,2
87031034087403,45,3
87031034087403,49,4
87031034087403,50,5
87031034087403,95,6
872471192628745,10,0
872471192628745,11,1
872471192628745,39,2
872471192628745,50,3
876351193058171,10,0
876351193058171,11,1
876351193058171,27,2
876351193058171,45,3
876351193058171,49,4
876351193058171,50,5
876351193058171,78,6
876351193058171,106,7
876351193058171,120,8
87641034257959,10,0
87641034257959,11,1
87641034257959,126,2
87651034258049,10,0
87651034258049,11,1
87651034258049,50,2
87651034258049,126,3
87671034258257,10,0
87671034258257,11,1
87671034258257,126,2
87681034258377,10,0
87681034258377,11,1
87681034258377,126,2
87731034259595,10,0
87731034259595,11,1
87731034259595,126,2
87761034346386,10,0
87761034346386,11,1
87791034348925,10,0
87791034348925,11,1
877951193217658,10,0
877951193217658,11,1
877951193217658,27,2
877951193217658,50,3
877951193217658,106,4
889871194511804,10,0
889871194511804,11,1
889871194511804,27,2
889871194511804,50,3
889871194511804,78,4
893261194865832,10,0
893261194865832,11,1
893261194865832,45,2
893261194865832,50,3
893261194865832,87,4
907601195995490,10,0
907601195995490,11,1
907601195995490,45,2
907601195995490,49,3
907601195995490,50,4
91011035460233,10,0
91011035460233,11,1
91011035460233,45,2
91011035460233,50,3
91011035460233,95,4
910751196251005,10,0
910751196251005,11,1
910751196251005,45,2
910751196251005,49,3
910751196251005,50,4
914061196712918,10,0
914061196712918,11,1
914061196712918,45,2
914061196712918,49,3
914061196712918,50,4
91591035807457,10,0
91591035807457,11,1
91591035807457,29,2
91591035807457,45,3
91591035807457,50,4
91591035807457,65,5
91771035882279,10,0
91771035882279,11,1
91771035882279,50,2
91771035882279,126,3
92051036143521,10,0
92051036143521,11,1
92161036226225,10,0
92161036226225,11,1
92161036226225,45,2
92161036226225,50,3
92161036226225,95,4
92161036226225,126,5
92171036238316,10,0
92171036238316,11,1
92171036238316,45,2
92171036238316,50,3
92171036238316,126,4
92191036238829,10,0
92191036238829,11,1
92191036238829,45,2
92191036238829,50,3
92191036238829,95,4
92191036238829,126,5
92201036251454,10,0
92201036251454,11,1
92201036251454,45,2
92201036251454,50,3
92201036251454,95,4
92201036251454,126,5
92221036251898,10,0
92221036251898,11,1
92221036251898,45,2
92221036251898,50,3
92221036251898,95,4
92221036251898,126,5
92231036252048,10,0
92231036252048,11,1
92231036252048,45,2
92231036252048,50,3
92231036252048,95,4
92231036252048,126,5
92241036252187,10,0
92241036252187,11,1
92241036252187,45,2
92241036252187,50,3
92241036252187,95,4
92241036252187,126,5
92251036252888,10,0
92251036252888,11,1
92251036252888,45,2
92251036252888,50,3
92251036252888,95,4
92251036252888,126,5
92261036255708,10,0
92261036255708,11,1
92261036255708,45,2
92261036255708,50,3
92261036255708,126,4
92271036255848,10,0
92271036255848,11,1
92271036255848,45,2
92271036255848,50,3
92271036255848,95,4
92271036255848,126,5
928341198136922,10,0
928341198136922,11,1
928341198136922,50,2
936731199292204,10,0
936731199292204,11,1
936731199292204,49,2
936731199292204,50,3
940051199630155,10,0
940051199630155,11,1
940051199630155,50,2
946891200237621,10,0
946891200237621,11,1
946891200237621,45,2
946891200237621,49,3
946891200237621,50,4
948988461561,10,0
948988461561,11,1
948988461561,50,2
950988462195,10,0
950988462195,11,1
950988462195,50,2
952531200829653,10,0
952531200829653,11,1
952531200829653,29,2
952531200829653,45,3
952531200829653,49,4
952531200829653,50,5
952531200829653,72,6
961091201695757,10,0
961091201695757,11,1
961091201695757,45,2
961091201695757,49,3
961091201695757,50,4
964988469279,10,0
964988469279,11,1
964988469279,50,2
965988469423,10,0
965988469423,11,1
965988469423,50,2
974961203095165,10,0
974961203095165,11,1
974961203095165,28,2
974961203095165,29,3
974961203095165,45,4
974961203095165,50,5
